Asset Clas,Asset Subt,Asset Type,Descriptio,Geo Point 2D,Geo Shape,Mcc Id,Model Desc,Model No,Objectid,Prop Id,Roadseg Id,Str Id,Addressp 1,Addresspt,Addresspt1
Signage,,Sign - Public Transport,Sign - Public Transport 1 Panel Bus Stop Type 12,"-37.81842481335676, 144.96889648633675","{""coordinates"": [144.96889648633675, -37.81842481335676], ""type"": ""Point""}",1249454,Sign - Public Transport 1 Panel,P.16,749,573333,0,1249454,288,606816,29.1490529
Signage,,Sign - Public Transport,Sign - Public Transport 1 Panel Bus Stop Type 8,"-37.81767597164006, 144.95888238475013","{""coordinates"": [144.95888238475013, -37.81767597164006], ""type"": ""Point""}",1247042,Sign - Public Transport 1 Panel,P.16,2098,0,20118,1247042,105,507646,10.53790207
Signage,,Sign - Public Transport,Sign - Public Transport 1 Panel Bus Stop Type 8,"-37.78188915501449, 144.95963193312105","{""coordinates"": [144.95963193312105, -37.78188915501449], ""type"": ""Point""}",1252383,Sign - Public Transport 1 Panel,P.16,2143,0,22387,1252383,212,108510,25.26964339
Signage,,Sign - Public Transport,Sign - Public Transport 1 Panel Bus Stop Type 8,"-37.793726533289785, 144.94716743007305","{""coordinates"": [144.94716743007305, -37.793726533289785], ""type"": ""Point""}",1249788,Sign - Public Transport 1 Panel,P.16,2627,0,20919,1249788,237,100087,44.2305064
Signage,,Sign - Public Transport,Sign - Public Transport 1 Panel Bus Stop Type 13,"-37.80286165064241, 144.92778487963457","{""coordinates"": [144.92778487963457, -37.80286165064241], ""type"": ""Point""}",1235311,Sign - Public Transport 1 Panel,P.16,3306,0,21680,1235311,360,103002,67.71855285
Signage,,Sign - Public Transport,Sign - Public Transport 1 Panel Bus Stop Type 3,"-37.825617941052066, 144.96024538933693","{""coordinates"": [144.96024538933693, -37.825617941052066], ""type"": ""Point""}",1239919,Sign - Public Transport 1 Panel,P.16,3416,0,22042,1239919,81,108053,27.9777498
Signage,,Sign - Public Transport,Sign - Public Transport 1 Panel Bus Stop Type 8,"-37.82825403073943, 144.97139535783998","{""coordinates"": [144.97139535783998, -37.82825403073943], ""type"": ""Point""}",1239032,Sign - Public Transport 1 Panel,P.16,4934,0,22704,1239032,0,0,0
Signage,,Sign - Public Transport,Sign - Public Transport 1 Panel Bus Stop Type 3,"-37.81810589679171, 144.9619763819388","{""coordinates"": [144.9619763819388, -37.81810589679171], ""type"": ""Point""}",1245405,Sign - Public Transport 1 Panel,P.16,5041,0,20170,1245405,331,527935,42.39381829
Signage,,Sign - Public Transport,Sign - Public Transport 1 Panel Bus Stop Type 8,"-37.847587034180215, 144.9797183050512","{""coordinates"": [144.9797183050512, -37.847587034180215], ""type"": ""Point""}",1255275,Sign - Public Transport 1 Panel,P.16,5193,0,22477,1255275,73,632373,49.22846917
Signage,,Sign - Public Transport,Sign - Public Transport 1 Panel Bus Stop Type 8,"-37.82375108048519, 144.96722832469055","{""coordinates"": [144.96722832469055, -37.82375108048519], ""type"": ""Point""}",1239562,Sign - Public Transport 1 Panel,P.16,5935,0,22121,1239562,231,567779,24.45502112
Signage,,Sign - Public Transport,Sign - Public Transport 1 Panel Bus Stop Type 8,"-37.78077459328419, 144.95138857277198","{""coordinates"": [144.95138857277198, -37.78077459328419], ""type"": ""Point""}",1244570,Sign - Public Transport 1 Panel,P.16,7176,107426,0,1244570,306,111342,55.8251505
Signage,,Sign - Public Transport,Sign - Public Transport 1 Panel Bus Stop Type 8,"-37.811942864580594, 144.95642939829426","{""coordinates"": [144.95642939829426, -37.811942864580594], ""type"": ""Point""}",1237106,Sign - Public Transport 1 Panel,P.16,7511,0,20187,1237106,26,110759,20.7363648
Signage,,Sign - Public Transport,Sign - Public Transport 1 Panel Bus Stop Type 3,"-37.82793320904311, 144.90887617925307","{""coordinates"": [144.90887617925307, -37.82793320904311], ""type"": ""Point""}",1370841,Sign - Public Transport 1 Panel,P.16,7599,0,22170,1370841,100,586084,36.91007002
Signage,,Sign - Public Transport,Sign - Public Transport 1 Panel Bus Stop Type 3,"-37.8308611221107, 144.98773132067197","{""coordinates"": [144.98773132067197, -37.8308611221107], ""type"": ""Point""}",1248838,Sign - Public Transport 1 Panel,P.16,7976,0,22270,1248838,164,111334,18.44609056
Signage,,Sign - Public Transport,Sign - Public Transport 1 Panel Bus Stop Type 8,"-37.80945090290274, 144.95544640306295","{""coordinates"": [144.95544640306295, -37.80945090290274], ""type"": ""Point""}",1238690,Sign - Public Transport 1 Panel,P.16,8096,0,21528,1238690,72,580931,55.72755559
Signage,,Sign - Public Transport,Sign - Public Transport 1 Panel Bus Stop Type 12,"-37.79564672738665, 144.92489593979033","{""coordinates"": [144.92489593979033, -37.79564672738665], ""type"": ""Point""}",1235519,Sign - Public Transport 1 Panel,P.16,8935,0,21749,1235519,204,568579,10.9475722
Signage,,Sign - Public Transport,Sign - Public Transport 1 Panel Bus Stop Type 8,"-37.82725097105045, 144.95787041193037","{""coordinates"": [144.95787041193037, -37.82725097105045], ""type"": ""Point""}",1232670,Sign - Public Transport 1 Panel,P.16,9970,0,22016,1232670,357,664059,37.24941515
Signage,,Sign - Public Transport,Sign - Public Transport 1 Panel Bus Stop Type 8,"-37.805396239323905, 144.9520285962586","{""coordinates"": [144.9520285962586, -37.805396239323905], ""type"": ""Point""}",1257205,Sign - Public Transport 1 Panel,P.16,11093,0,20979,1257205,93,533907,11.15153124
Signage,,Sign - Public Transport,Sign - Public Transport 1 Panel Bus Stop Type 5,"-37.79905748382394, 144.93989360176752","{""coordinates"": [144.93989360176752, -37.79905748382394], ""type"": ""Point""}",1234690,Sign - Public Transport 1 Panel,P.16,11651,0,21297,1234690,138,104492,89.61471514
Signage,,Sign - Public Transport,Sign - Public Transport 1 Panel Bus Stop Type 8,"-37.790425430580804, 144.94352558479113","{""coordinates"": [144.94352558479113, -37.790425430580804], ""type"": ""Point""}",1234310,Sign - Public Transport 1 Panel,P.16,12044,0,22425,1234310,68,525732,30.53653951
Signage,,Sign - Public Transport,Sign - Public Transport 1 Panel Bus Stop Type 3,"-37.79085700678597, 144.92008961006658","{""coordinates"": [144.92008961006658, -37.79085700678597], ""type"": ""Point""}",1370761,Sign - Public Transport 1 Panel,P.16,12481,0,22790,1370761,284,106847,67.5880428
Signage,,Sign - Public Transport,Sign - Public Transport 1 Panel Bus Stop Type 1,"-37.800456485496696, 144.96510004696515","{""coordinates"": [144.96510004696515, -37.800456485496696], ""type"": ""Point""}",1575501,Sign - Public Transport 1 Panel,P.16,12890,0,22506,1575501,292,597172,28.06452572
Signage,,Sign - Public Transport,Sign - Public Transport 1 Panel Bus Stop Type 8,"-37.790034182492505, 144.95863808667602","{""coordinates"": [144.95863808667602, -37.790034182492505], ""type"": ""Point""}",1252413,Sign - Public Transport 1 Panel,P.16,13187,0,22374,1252413,175,529024,21.00980919
Signage,,Sign - Public Transport,Sign - Public Transport 1 Panel Bus Stop Type 8,"-37.841136944254906, 144.97738137656336","{""coordinates"": [144.97738137656336, -37.841136944254906], ""type"": ""Point""}",1255117,Sign - Public Transport 1 Panel,P.16,13233,0,22474,1255117,82,545615,60.55753669
Signage,,Sign - Public Transport,Sign - Public Transport 1 Panel Bus Stop Type 3,"-37.84881806234022, 144.98441939922859","{""coordinates"": [144.98441939922859, -37.84881806234022], ""type"": ""Point""}",1255236,Sign - Public Transport 1 Panel,P.16,13548,0,22480,1255236,0,0,0
Signage,,Sign - Public Transport,Sign - Public Transport 1 Panel Bus Stop Type 8,"-37.82961907563178, 144.96406241965494","{""coordinates"": [144.96406241965494, -37.82961907563178], ""type"": ""Point""}",1239189,Sign - Public Transport 1 Panel,P.16,13942,0,22459,1239189,115,537240,73.04996609
Signage,,Sign - Public Transport,Sign - Public Transport 1 Panel Bus Stop Type 13,"-37.802508730068354, 144.92456498204757","{""coordinates"": [144.92456498204757, -37.802508730068354], ""type"": ""Point""}",1235307,Sign - Public Transport 1 Panel,P.16,13987,0,21680,1235307,162,110970,35.14735701
Signage,,Sign - Public Transport,Sign - Public Transport 1 Panel Bus Stop Type 8,"-37.79262854511814, 144.9682820983283","{""coordinates"": [144.9682820983283, -37.79262854511814], ""type"": ""Point""}",1247820,Sign - Public Transport 1 Panel,P.16,14196,0,20540,1247820,348,555950,19.15980501
Signage,,Sign - Public Transport,Sign - Public Transport 1 Panel Bus Stop Type 11,"-37.80231431723276, 144.96676746744464","{""coordinates"": [144.96676746744464, -37.80231431723276], ""type"": ""Point""}",1260438,Sign - Public Transport 1 Panel,P.16,14622,0,20528,1260438,360,627281,5.70821032
Signage,,Sign - Public Transport,Sign - Public Transport 1 Panel Bus Stop Type 12,"-37.8006162471606, 144.9665441831767","{""coordinates"": [144.9665441831767, -37.8006162471606], ""type"": ""Point""}",1233165,Sign - Public Transport 1 Panel,P.16,15525,0,20757,1233165,140,545460,11.23104145
Signage,,Sign - Public Transport,Sign - Public Transport 1 Panel Bus Stop Type 3,"-37.82069471465366, 144.92473362878667","{""coordinates"": [144.92473362878667, -37.82069471465366], ""type"": ""Point""}",1245209,Sign - Public Transport 1 Panel,P.16,15587,0,22156,1245209,51,637267,9.08151028
Signage,,Sign - Public Transport,Sign - Public Transport 1 Panel Bus Stop Type 8,"-37.8003609261965, 144.97442342241808","{""coordinates"": [144.97442342241808, -37.8003609261965], ""type"": ""Point""}",1241441,Sign - Public Transport 1 Panel,P.16,15760,0,20608,1241441,159,106922,11.93225984
Signage,,Sign - Public Transport,Sign - Public Transport 1 Panel Bus Stop Type 8,"-37.79830746372871, 144.94633943083986","{""coordinates"": [144.94633943083986, -37.79830746372871], ""type"": ""Point""}",1249814,Sign - Public Transport 1 Panel,P.16,16213,0,22517,1249814,349,516357,16.62867695
Signage,,Sign - Public Transport,Sign - Public Transport 1 Panel Bus Stop Type 8,"-37.825833042409954, 144.9666164228847","{""coordinates"": [144.9666164228847, -37.825833042409954], ""type"": ""Point""}",1272248,Sign - Public Transport 1 Panel,P.16,16400,0,22121,1272248,127,110623,16.64400973
Signage,,Sign - Public Transport,Sign - Public Transport 1 Panel Bus Stop Type 3,"-37.804633940884784, 144.9663703776215","{""coordinates"": [144.9663703776215, -37.804633940884784], ""type"": ""Point""}",1240256,Sign - Public Transport 1 Panel,P.16,16844,0,20524,1240256,342,522527,5.94289029
Signage,,Sign - Public Transport,Sign - Public Transport 1 Panel Bus Stop Type 8,"-37.83299002899975, 144.97293669624193","{""coordinates"": [144.97293669624193, -37.83299002899975], ""type"": ""Point""}",1254737,Sign - Public Transport 1 Panel,P.16,17605,0,22708,1254737,350,639648,11.54086253
Signage,,Sign - Public Transport,Sign - Public Transport 1 Panel Bus Stop Type 3,"-37.80111524772101, 144.96674878780823","{""coordinates"": [144.96674878780823, -37.80111524772101], ""type"": ""Point""}",1240314,Sign - Public Transport 1 Panel,P.16,17860,0,20530,1240314,179,106109,5.22849577
Signage,,Sign - Public Transport,Sign - Public Transport 1 Panel Bus Stop Type 12,"-37.82403291338346, 144.97056844604276","{""coordinates"": [144.97056844604276, -37.82403291338346], ""type"": ""Point""}",1345004,Sign - Public Transport 1 Panel,P.16,19359,0,22466,1345004,206,540075,39.68297552
Signage,,Sign - Public Transport,Sign - Public Transport 1 Panel Bus Stop Type 3,"-37.79776685417041, 144.97031833233382","{""coordinates"": [144.97031833233382, -37.79776685417041], ""type"": ""Point""}",1240886,Sign - Public Transport 1 Panel,P.16,19576,0,20563,1240886,101,103091,19.03739399
Signage,,Sign - Public Transport,Sign - Public Transport 1 Panel Bus Stop Type 3,"-37.8047924247435, 144.969120352164","{""coordinates"": [144.969120352164, -37.8047924247435], ""type"": ""Point""}",1545853,Sign - Public Transport 1 Panel,P.16,20050,0,20556,1545853,226,633312,5.69670571
Signage,,Sign - Public Transport,Sign - Public Transport 1 Panel Bus Stop Type 11,"-37.80752888103373, 144.91363137005712","{""coordinates"": [144.91363137005712, -37.80752888103373], ""type"": ""Point""}",1236313,Sign - Public Transport 1 Panel,P.16,20953,0,22442,1236313,106,104045,66.68350924
Signage,,Sign - Public Transport,Sign - Public Transport 1 Panel Bus Stop Type 8,"-37.810346877102674, 144.96112338314163","{""coordinates"": [144.96112338314163, -37.810346877102674], ""type"": ""Point""}",1238871,Sign - Public Transport 1 Panel,P.16,20994,0,20024,1238871,161,660997,16.41454879
Signage,,Sign - Public Transport,Sign - Public Transport 1 Panel Bus Stop Type 12,"-37.799621670449625, 144.95568431062944","{""coordinates"": [144.95568431062944, -37.799621670449625], ""type"": ""Point""}",1243850,Sign - Public Transport 1 Panel,P.16,21274,0,21552,1243850,228,103813,73.19158958
Signage,,Sign - Public Transport,Sign - Public Transport 1 Panel Bus Stop Type 3,"-37.80682386961907, 144.96904254818034","{""coordinates"": [144.96904254818034, -37.80682386961907], ""type"": ""Point""}",1479415,Sign - Public Transport 1 Panel,P.16,21835,0,20554,1479415,132,108148,36.15343504
Signage,,Sign - Public Transport,Sign - Public Transport 1 Panel Bus Stop Type 13,"-37.802167832666704, 144.92008136652066","{""coordinates"": [144.92008136652066, -37.802167832666704], ""type"": ""Point""}",1235277,Sign - Public Transport 1 Panel,P.16,22493,0,21680,1235277,182,102993,44.65559859
Signage,,Sign - Public Transport,Sign - Public Transport 1 Panel Bus Stop Type 8,"-37.81888176511253, 144.95412220092587","{""coordinates"": [144.95412220092587, -37.81888176511253], ""type"": ""Point""}",1246970,Sign - Public Transport 1 Panel,P.16,22674,0,20071,1246970,58,579287,14.34503015
Signage,,Sign - Public Transport,Sign - Public Transport 1 Panel Bus Stop Type 12,"-37.79706577834771, 144.9224359882637","{""coordinates"": [144.9224359882637, -37.79706577834771], ""type"": ""Point""}",1235525,Sign - Public Transport 1 Panel,P.16,22943,0,21844,1235525,152,111424,2.93490477
Signage,,Sign - Public Transport,Sign - Public Transport 1 Panel Bus Stop Type 3,"-37.81667022216065, 144.96132496344865","{""coordinates"": [144.96132496344865, -37.81667022216065], ""type"": ""Point""}",1268450,Sign - Public Transport 1 Panel,P.16,23701,0,20172,1268450,122,527384,21.09407353
Signage,,Sign - Public Transport,Sign - Public Transport 1 Panel Bus Stop Type 8,"-37.817622931042806, 144.95934733314024","{""coordinates"": [144.95934733314024, -37.817622931042806], ""type"": ""Point""}",1236804,Sign - Public Transport 1 Panel,P.16,23793,0,22612,1236804,99,102122,19.75039184
Signage,,Sign - Public Transport,Sign - Public Transport 1 Panel Bus Stop Type 8,"-37.79412896547033, 144.96811766271057","{""coordinates"": [144.96811766271057, -37.79412896547033], ""type"": ""Point""}",1233408,Sign - Public Transport 1 Panel,P.16,26046,0,20538,1233408,140,522611,49.91185911
Signage,,Sign - Public Transport,Sign - Public Transport 1 Panel Bus Stop Type 12,"-37.79862363935187, 144.9467915427181","{""coordinates"": [144.9467915427181, -37.79862363935187], ""type"": ""Point""}",1249933,Sign - Public Transport 1 Panel,P.16,26601,0,21168,1249933,79,516364,27.65118958
Signage,,Sign - Public Transport,Sign - Public Transport 1 Panel Bus Stop Type 11,"-37.80823830232059, 144.94862350162495","{""coordinates"": [144.94862350162495, -37.80823830232059], ""type"": ""Point""}",1256151,Sign - Public Transport 1 Panel,P.16,27002,0,21651,1256151,124,108936,26.06071423
Signage,,Sign - Public Transport,Sign - Public Transport 1 Panel Bus Stop Type 3,"-37.82087887649734, 144.91896726226324","{""coordinates"": [144.91896726226324, -37.82087887649734], ""type"": ""Point""}",1244979,Sign - Public Transport 1 Panel,P.16,27090,0,30638,1244979,307,110514,26.25523043
Signage,,Sign - Public Transport,Sign - Public Transport 1 Panel Bus Stop Type 3,"-37.797326843071275, 144.97009551587823","{""coordinates"": [144.97009551587823, -37.797326843071275], ""type"": ""Point""}",1240877,Sign - Public Transport 1 Panel,P.16,27502,0,20817,1240877,117,511185,3.89843097
Signage,,Sign - Public Transport,Sign - Public Transport 1 Panel Bus Stop Type 8,"-37.78267580200046, 144.91666362113003","{""coordinates"": [144.91666362113003, -37.78267580200046], ""type"": ""Point""}",1235927,Sign - Public Transport 1 Panel,P.16,27517,0,22526,1235927,0,0,0
Signage,,Sign - Public Transport,Sign - Public Transport 1 Panel Bus Stop Type 8,"-37.792410297921826, 144.95854327429197","{""coordinates"": [144.95854327429197, -37.792410297921826], ""type"": ""Point""}",1252307,Sign - Public Transport 1 Panel,P.16,27861,0,22372,1252307,177,515020,57.00969655
Signage,,Sign - Public Transport,Sign - Public Transport 1 Panel Bus Stop Type 3,"-37.822473896289935, 144.92102531585414","{""coordinates"": [144.92102531585414, -37.822473896289935], ""type"": ""Point""}",1245081,Sign - Public Transport 1 Panel,P.16,27899,0,22159,1245081,340,605711,29.14846488
Signage,,Sign - Public Transport,Sign - Public Transport 1 Panel Bus Stop Type 8,"-37.825538170533164, 144.95708428770402","{""coordinates"": [144.95708428770402, -37.825538170533164], ""type"": ""Point""}",1232702,Sign - Public Transport 1 Panel,P.16,27939,0,22454,1232702,265,622450,25.28253381
Signage,,Sign - Public Transport,Sign - Public Transport 1 Panel Bus Stop Type 3,"-37.821119897739464, 144.91851629868225","{""coordinates"": [144.91851629868225, -37.821119897739464], ""type"": ""Point""}",1244962,Sign - Public Transport 1 Panel,P.16,28604,0,22162,1244962,225,110512,8.35595267
Signage,,Sign - Public Transport,Sign - Public Transport 1 Panel Bus Stop Type 8,"-37.81172390817975, 144.95668033737152","{""coordinates"": [144.95668033737152, -37.81172390817975], ""type"": ""Point""}",1252702,Sign - Public Transport 1 Panel,P.16,28872,0,22615,1252702,260,110759,16.06194587
Signage,,Sign - Public Transport,Sign - Public Transport 1 Panel Bus Stop Type 3,"-37.827796021172645, 144.90881358787925","{""coordinates"": [144.90881358787925, -37.827796021172645], ""type"": ""Point""}",1244795,Sign - Public Transport 1 Panel,P.16,28960,0,22170,1244795,91,586084,21.27898891
Signage,,Sign - Public Transport,Sign - Public Transport 1 Panel Bus Stop Type 12,"-37.795210432231336, 144.9362942830282","{""coordinates"": [144.9362942830282, -37.795210432231336], ""type"": ""Point""}",1234750,Sign - Public Transport 1 Panel,P.16,29970,0,21287,1234750,75,633265,18.1287082
Signage,,Sign - Public Transport,Sign - Public Transport 1 Panel Bus Stop Type 3,"-37.795862870670625, 144.97092135820924","{""coordinates"": [144.97092135820924, -37.795862870670625], ""type"": ""Point""}",1233403,Sign - Public Transport 1 Panel,P.16,30678,0,20567,1233403,7,108238,3.07870395
Signage,,Sign - Public Transport,Sign - Public Transport 1 Panel Bus Stop Type 11,"-37.82314198554255, 144.96463636128402","{""coordinates"": [144.96463636128402, -37.82314198554255], ""type"": ""Point""}",1239717,Sign - Public Transport 1 Panel,P.16,30763,0,22073,1239717,212,557088,34.57360473
Signage,,Sign - Public Transport,Sign - Public Transport 1 Panel Bus Stop Type 3,"-37.80067995380995, 144.96981348058867","{""coordinates"": [144.96981348058867, -37.80067995380995], ""type"": ""Point""}",1479417,Sign - Public Transport 1 Panel,P.16,31576,0,20561,1479417,149,528486,5.58301084
Signage,,Sign - Public Transport,Sign - Public Transport 1 Panel Bus Stop Type 8,"-37.78068129995275, 144.95126818156393","{""coordinates"": [144.95126818156393, -37.78068129995275], ""type"": ""Point""}",1244569,Sign - Public Transport 1 Panel,P.16,31742,0,30708,1244569,308,111342,70.43672599
Signage,,Sign - Public Transport,Sign - Public Transport 1 Panel Bus Stop Type 1,"-37.80432561240479, 144.96947035841606","{""coordinates"": [144.96947035841606, -37.80432561240479], ""type"": ""Point""}",1572477,Sign - Public Transport 1 Panel,P.16,31969,0,20556,1572477,197,528455,29.46722145
Signage,,Sign - Public Transport,Sign - Public Transport 1 Panel Bus Stop Type 8,"-37.78069264722452, 144.91477250953216","{""coordinates"": [144.91477250953216, -37.78069264722452], ""type"": ""Point""}",1235945,Sign - Public Transport 1 Panel,P.16,33716,0,22526,1235945,139,610631,46.88712984
Signage,,Sign - Public Transport,Sign - Public Transport 1 Panel Bus Stop Type 3,"-37.829554112192, 144.9010255967418","{""coordinates"": [144.9010255967418, -37.829554112192], ""type"": ""Point""}",1244930,Sign - Public Transport 1 Panel,P.16,33860,0,22168,1244930,322,111216,8.33871417
Signage,,Sign - Public Transport,Sign - Public Transport 1 Panel Bus Stop Type 11,"-37.788531996187324, 144.93353392781896","{""coordinates"": [144.93353392781896, -37.788531996187324], ""type"": ""Point""}",1569615,Sign - Public Transport 1 Panel,P.16,34498,0,23140,1569615,314,619171,16.54048663
Signage,,Sign - Public Transport,Sign - Public Transport 1 Panel Bus Stop Type 8,"-37.81178098838014, 144.9561942988128","{""coordinates"": [144.9561942988128, -37.81178098838014], ""type"": ""Point""}",1252894,Sign - Public Transport 1 Panel,P.16,35532,0,20028,1252894,348,110759,40.68803565
Signage,,Sign - Public Transport,Sign - Public Transport 1 Panel Bus Stop Type 3,"-37.79733528507864, 144.96751272850565","{""coordinates"": [144.96751272850565, -37.79733528507864], ""type"": ""Point""}",1240772,Sign - Public Transport 1 Panel,P.16,35668,0,20534,1240772,183,521784,14.94684087
Signage,,Sign - Public Transport,Sign - Public Transport 1 Panel Bus Stop Type 1,"-37.79784952551261, 144.94139186459046","{""coordinates"": [144.94139186459046, -37.79784952551261], ""type"": ""Point""}",1574565,Sign - Public Transport 1 Panel,P.16,35830,0,21329,1574565,8,522795,33.07308528
Signage,,Sign - Public Transport,Sign - Public Transport 1 Panel Bus Stop Type 1,"-37.818777568156314, 144.98186969479318","{""coordinates"": [144.98186969479318, -37.818777568156314], ""type"": ""Point""}",1372123,Sign - Public Transport 1 Panel,P.16,36148,110266,0,1372123,112,105145,40.75558103
Signage,,Sign - Public Transport,Sign - Public Transport 1 Panel Bus Stop Type 12,"-37.80039992301755, 144.91665597967068","{""coordinates"": [144.91665597967068, -37.80039992301755], ""type"": ""Point""}",1235552,Sign - Public Transport 1 Panel,P.16,36691,0,21843,1235552,201,628200,9.09274969
Signage,,Sign - Public Transport,Sign - Public Transport 1 Panel Bus Stop Type 11,"-37.823547652422064, 144.96847951664122","{""coordinates"": [144.96847951664122, -37.823547652422064], ""type"": ""Point""}",1344518,Sign - Public Transport 1 Panel,P.16,36833,0,22080,1344518,0,0,0
Signage,,Sign - Public Transport,Sign - Public Transport 1 Panel Bus Stop Type 1,"-37.798900728955765, 144.94922621224848","{""coordinates"": [144.94922621224848, -37.798900728955765], ""type"": ""Point""}",1581811,Sign - Public Transport 1 Panel,P.16,36903,0,21148,1581811,331,104577,7.78996688
Signage,,Sign - Public Transport,Sign - Public Transport 1 Panel Bus Stop Type 8,"-37.80294344100893, 144.94833854164688","{""coordinates"": [144.94833854164688, -37.80294344100893], ""type"": ""Point""}",1250987,Sign - Public Transport 1 Panel,P.16,37146,0,20999,1250987,296,107926,13.95688103
Signage,,Sign - Public Transport,Sign - Public Transport 1 Panel Bus Stop Type 8,"-37.8032564323768, 144.9495344838827","{""coordinates"": [144.9495344838827, -37.8032564323768], ""type"": ""Point""}",1251688,Sign - Public Transport 1 Panel,P.16,37223,0,20992,1251688,176,103419,10.78174874
Signage,,Sign - Public Transport,Sign - Public Transport 1 Panel Bus Stop Type 3,"-37.84112272045477, 144.98584971613218","{""coordinates"": [144.98584971613218, -37.84112272045477], ""type"": ""Point""}",1560878,Sign - Public Transport 1 Panel,P.16,37335,0,22485,1560878,87,107803,13.50218119
Signage,,Sign - Public Transport,Sign - Public Transport 1 Panel Bus Stop Type 3,"-37.838256978951584, 144.9151365838097","{""coordinates"": [144.9151365838097, -37.838256978951584], ""type"": ""Point""}",1245260,Sign - Public Transport 1 Panel,P.16,37617,0,22152,1245260,0,0,0
Signage,,Sign - Public Transport,Sign - Public Transport 1 Panel Bus Stop Type 8,"-37.81946791403019, 144.96111643458073","{""coordinates"": [144.96111643458073, -37.81946791403019], ""type"": ""Point""}",1245480,Sign - Public Transport 1 Panel,P.16,37737,0,20219,1245480,8,513751,46.67244465
Signage,,Sign - Public Transport,Sign - Public Transport 1 Panel Bus Stop Type 11,"-37.807560935966926, 144.91815632059857","{""coordinates"": [144.91815632059857, -37.807560935966926], ""type"": ""Point""}",1236357,Sign - Public Transport 1 Panel,P.16,37840,0,22440,1236357,75,514440,14.67984639
Signage,,Sign - Public Transport,Sign - Public Transport 1 Panel Bus Stop Type 8,"-37.794106459808795, 144.94708934299945","{""coordinates"": [144.94708934299945, -37.794106459808795], ""type"": ""Point""}",1249790,Sign - Public Transport 1 Panel,P.16,38019,0,21235,1249790,179,100086,18.82231189
Signage,,Sign - Public Transport,Sign - Public Transport 1 Panel Bus Stop Type 3,"-37.8137522630152, 144.96027134357547","{""coordinates"": [144.96027134357547, -37.8137522630152], ""type"": ""Point""}",1231165,Sign - Public Transport 1 Panel,P.16,38355,0,20175,1231165,200,655044,27.03952622
Signage,,Sign - Public Transport,Sign - Public Transport 1 Panel Bus Stop Type 8,"-37.81696691132416, 144.96133145497072","{""coordinates"": [144.96133145497072, -37.81696691132416], ""type"": ""Point""}",1236802,Sign - Public Transport 1 Panel,P.16,39405,0,20116,1236802,177,507826,26.55992118
Signage,,Sign - Public Transport,Sign - Public Transport 1 Panel Bus Stop Type 8,"-37.795521349230825, 144.9581692891698","{""coordinates"": [144.9581692891698, -37.795521349230825], ""type"": ""Point""}",1233956,Sign - Public Transport 1 Panel,P.16,40097,0,22363,1233956,171,108457,39.14668738
Signage,,Sign - Public Transport,Sign - Public Transport 1 Panel Bus Stop Type 8,"-37.80299443103376, 144.94943962445097","{""coordinates"": [144.94943962445097, -37.80299443103376], ""type"": ""Point""}",1251191,Sign - Public Transport 1 Panel,P.16,40452,0,20999,1251191,115,107995,13.28562306
Signage,,Sign - Public Transport,Sign - Public Transport 1 Panel Bus Stop Type 8,"-37.79564535738303, 144.95795134835055","{""coordinates"": [144.95795134835055, -37.79564535738303], ""type"": ""Point""}",1234035,Sign - Public Transport 1 Panel,P.16,40559,0,22603,1234035,158,108456,22.21865455
Signage,,Sign - Public Transport,Sign - Public Transport 1 Panel Bus Stop Type 8,"-37.82578298451381, 144.96669743933597","{""coordinates"": [144.96669743933597, -37.82578298451381], ""type"": ""Point""}",1272266,Sign - Public Transport 1 Panel,P.16,40660,0,22121,1272266,156,110623,18.61160337
Signage,,Sign - Public Transport,Sign - Public Transport 1 Panel Bus Stop Type 8,"-37.81496421167442, 144.9523146850266","{""coordinates"": [144.9523146850266, -37.81496421167442], ""type"": ""Point""}",1253845,Sign - Public Transport 1 Panel,P.16,40960,0,20077,1253845,242,611234,25.38230139
Signage,,Sign - Public Transport,Sign - Public Transport 1 Panel Bus Stop Type 3,"-37.79763449349572, 144.9709158095715","{""coordinates"": [144.9709158095715, -37.79763449349572], ""type"": ""Point""}",1241059,Sign - Public Transport 1 Panel,P.16,42605,0,20654,1241059,258,511095,2.64726141
Signage,,Sign - Public Transport,Sign - Public Transport 1 Panel Bus Stop Type 5,"-37.79898487483806, 144.96733940321963","{""coordinates"": [144.96733940321963, -37.79898487483806], ""type"": ""Point""}",1240745,Sign - Public Transport 1 Panel,P.16,42754,0,20532,1240745,357,106200,5.91725485
Signage,,Sign - Public Transport,Sign - Public Transport 1 Panel Bus Stop Type 3,"-37.81529037403164, 144.9606866865898","{""coordinates"": [144.9606866865898, -37.81529037403164], ""type"": ""Point""}",1344536,Sign - Public Transport 1 Panel,P.16,42844,0,20173,1344536,176,544334,44.09439435
Signage,,Sign - Public Transport,Sign - Public Transport 1 Panel Bus Stop Type 11,"-37.81492845640428, 144.95267349910375","{""coordinates"": [144.95267349910375, -37.81492845640428], ""type"": ""Point""}",1373482,Sign - Public Transport 1 Panel,P.16,42863,0,20014,1373482,305,110703,27.72235502
Signage,,Sign - Public Transport,Sign - Public Transport 1 Panel Bus Stop Type 3,"-37.82125387877901, 144.9163802885623","{""coordinates"": [144.9163802885623, -37.82125387877901], ""type"": ""Point""}",1244983,Sign - Public Transport 1 Panel,P.16,43242,0,30638,1244983,21,627850,39.08426314
Signage,,Sign - Public Transport,Sign - Public Transport 1 Panel Bus Stop Type 8,"-37.818381951580605, 144.95640938337968","{""coordinates"": [144.95640938337968, -37.818381951580605], ""type"": ""Point""}",1247064,Sign - Public Transport 1 Panel,P.16,43437,0,20120,1247064,172,587898,22.6165292
Signage,,Sign - Public Transport,Sign - Public Transport 1 Panel Bus Stop Type 8,"-37.809751877544066, 144.95544537030668","{""coordinates"": [144.95544537030668, -37.809751877544066], ""type"": ""Point""}",1252668,Sign - Public Transport 1 Panel,P.16,43508,0,21529,1252668,217,102941,34.30768912
Signage,,Sign - Public Transport,Sign - Public Transport 1 Panel Bus Stop Type 8,"-37.78441375631167, 144.9182254956256","{""coordinates"": [144.9182254956256, -37.78441375631167], ""type"": ""Point""}",1235918,Sign - Public Transport 1 Panel,P.16,44125,0,23201,1235918,131,613983,48.49302512
Signage,,Sign - Public Transport,Sign - Public Transport 1 Panel Bus Stop Type 8,"-37.7874453383767, 144.92185552555435","{""coordinates"": [144.92185552555435, -37.7874453383767], ""type"": ""Point""}",1581210,Sign - Public Transport 1 Panel,P.16,303,0,23147,1581210,0,0,0
Signage,,Sign - Public Transport,Sign - Public Transport 1 Panel Bus Stop Type 8,"-37.81624692265885, 144.9638133817537","{""coordinates"": [144.9638133817537, -37.81624692265885], ""type"": ""Point""}",1236981,Sign - Public Transport 1 Panel,P.16,434,0,20114,1236981,102,511385,37.37639771
Signage,,Sign - Public Transport,Sign - Public Transport 1 Panel Bus Stop Type 8,"-37.79676938692483, 144.95134039251514","{""coordinates"": [144.95134039251514, -37.79676938692483], ""type"": ""Point""}",1250659,Sign - Public Transport 1 Panel,P.16,519,0,22312,1250659,265,103829,32.27346068
Signage,,Sign - Public Transport,Sign - Public Transport 1 Panel Bus Stop Type 13,"-37.83831808208453, 144.9764223997089","{""coordinates"": [144.9764223997089, -37.83831808208453], ""type"": ""Point""}",1255101,Sign - Public Transport 1 Panel,P.16,671,0,22472,1255101,0,0,0
Signage,,Sign - Public Transport,Sign - Public Transport 1 Panel Bus Stop Type 3,"-37.84338100233517, 144.98539837705636","{""coordinates"": [144.98539837705636, -37.84338100233517], ""type"": ""Point""}",1257495,Sign - Public Transport 1 Panel,P.16,1388,0,22755,1257495,253,107788,11.91171931
Signage,,Sign - Public Transport,Sign - Public Transport 1 Panel Bus Stop Type 8,"-37.78793737975755, 144.95889110591565","{""coordinates"": [144.95889110591565, -37.78793737975755], ""type"": ""Point""}",1252402,Sign - Public Transport 1 Panel,P.16,1986,0,22434,1252402,211,529044,25.23462908
Signage,,Sign - Public Transport,Sign - Public Transport 1 Panel Bus Stop Type 8,"-37.81925793836065, 144.96137134270353","{""coordinates"": [144.96137134270353, -37.81925793836065], ""type"": ""Point""}",1245490,Sign - Public Transport 1 Panel,P.16,2172,0,20218,1245490,92,627343,20.83965494
Signage,,Sign - Public Transport,Sign - Public Transport 1 Panel Bus Stop Type 8,"-37.81101801255496, 144.95912232576214","{""coordinates"": [144.95912232576214, -37.81101801255496], ""type"": ""Point""}",1237228,Sign - Public Transport 1 Panel,P.16,2416,0,20024,1237228,280,527567,21.70019438
Signage,,Sign - Public Transport,Sign - Public Transport 1 Panel Bus Stop Type 1,"-37.79968851043426, 144.9639691590254","{""coordinates"": [144.9639691590254, -37.79968851043426], ""type"": ""Point""}",1577586,Sign - Public Transport 1 Panel,P.16,2661,0,20490,1577586,63,597993,77.70795407
Signage,,Sign - Public Transport,Sign - Public Transport 1 Panel Bus Stop Type 8,"-37.83823498213684, 144.98640745831867","{""coordinates"": [144.98640745831867, -37.83823498213684], ""type"": ""Point""}",1254835,Sign - Public Transport 1 Panel,P.16,3218,0,22221,1254835,80,107815,40.03267327
Signage,,Sign - Public Transport,Sign - Public Transport 1 Panel Bus Stop Type 1,"-37.792870646661946, 144.9582953024578","{""coordinates"": [144.9582953024578, -37.792870646661946], ""type"": ""Point""}",1579790,Sign - Public Transport 1 Panel,P.16,4333,0,22607,1579790,190,108487,24.74038894
Signage,,Sign - Public Transport,Sign - Public Transport 1 Panel Bus Stop Type 1,"-37.800722007959905, 144.95348448450386","{""coordinates"": [144.95348448450386, -37.800722007959905], ""type"": ""Point""}",1576516,Sign - Public Transport 1 Panel,P.16,4750,0,21124,1576516,172,110256,3.92515286
Signage,,Sign - Public Transport,Sign - Public Transport 1 Panel Bus Stop Type 1,"-37.80000725498236, 144.96097934573706","{""coordinates"": [144.96097934573706, -37.80000725498236], ""type"": ""Point""}",1575590,Sign - Public Transport 1 Panel,P.16,5005,0,20461,1575590,296,518481,39.38772297
Signage,,Sign - Public Transport,Sign - Public Transport 1 Panel Bus Stop Type 8,"-37.83058895642065, 144.9650184564616","{""coordinates"": [144.9650184564616, -37.83058895642065], ""type"": ""Point""}",1239188,Sign - Public Transport 1 Panel,P.16,5923,0,22116,1239188,77,110628,73.39741779
Signage,,Sign - Public Transport,Sign - Public Transport 1 Panel Bus Stop Type 11,"-37.807815885141665, 144.91663837870203","{""coordinates"": [144.91663837870203, -37.807815885141665], ""type"": ""Point""}",1236305,Sign - Public Transport 1 Panel,P.16,6298,0,22443,1236305,127,104048,80.95956349
Signage,,Sign - Public Transport,Sign - Public Transport 1 Panel Bus Stop Type 3,"-37.82145285696462, 144.9209121892264","{""coordinates"": [144.9209121892264, -37.82145285696462], ""type"": ""Point""}",1245016,Sign - Public Transport 1 Panel,P.16,6336,0,22159,1245016,197,110594,23.65519742
Signage,,Sign - Public Transport,Sign - Public Transport 1 Panel Bus Stop Type 3,"-37.82623998153476, 144.91149945587298","{""coordinates"": [144.91149945587298, -37.82623998153476], ""type"": ""Point""}",1244808,Sign - Public Transport 1 Panel,P.16,6530,0,22164,1244808,0,0,0
Signage,,Sign - Public Transport,Sign - Public Transport 1 Panel Bus Stop Type 8,"-37.81178098838014, 144.9561942988128","{""coordinates"": [144.9561942988128, -37.81178098838014], ""type"": ""Point""}",1253543,Sign - Public Transport 1 Panel,P.16,7339,0,20028,1253543,348,110759,40.68803565
Signage,,Sign - Public Transport,Sign - Public Transport 1 Panel Bus Stop Type 1,"-37.80272091766867, 144.92513555545514","{""coordinates"": [144.92513555545514, -37.80272091766867], ""type"": ""Point""}",1578570,Sign - Public Transport 1 Panel,P.16,7745,0,21680,1578570,158,110970,90.53917343
Signage,,Sign - Public Transport,Sign - Public Transport 1 Panel Bus Stop Type 8,"-37.83405494639031, 144.98241640093377","{""coordinates"": [144.98241640093377, -37.83405494639031], ""type"": ""Point""}",1253269,Sign - Public Transport 1 Panel,P.16,7851,0,22227,1253269,15,111292,3.29817904
Signage,,Sign - Public Transport,Sign - Public Transport 1 Panel Bus Stop Type 12,"-37.79729882559638, 144.92232895104533","{""coordinates"": [144.92232895104533, -37.79729882559638], ""type"": ""Point""}",1235581,Sign - Public Transport 1 Panel,P.16,8099,0,21844,1235581,32,517639,20.8487637
Signage,,Sign - Public Transport,Sign - Public Transport 1 Panel Bus Stop Type 8,"-37.82500188553457, 144.95694945167727","{""coordinates"": [144.95694945167727, -37.82500188553457], ""type"": ""Point""}",1232805,Sign - Public Transport 1 Panel,P.16,8264,0,22454,1232805,277,622450,85.1697911
Signage,,Sign - Public Transport,Sign - Public Transport 1 Panel Bus Stop Type 3,"-37.83016114540094, 144.90032361713372","{""coordinates"": [144.90032361713372, -37.83016114540094], ""type"": ""Point""}",1244952,Sign - Public Transport 1 Panel,P.16,8770,0,22168,1244952,325,617233,30.36664489
Signage,,Sign - Public Transport,Sign - Public Transport 1 Panel Bus Stop Type 11,"-37.792625873556105, 144.9707824588029","{""coordinates"": [144.9707824588029, -37.792625873556105], ""type"": ""Point""}",1253133,Sign - Public Transport 1 Panel,P.16,8772,0,20643,1253133,349,600791,63.9429482
Signage,,Sign - Public Transport,Sign - Public Transport 1 Panel Bus Stop Type 12,"-37.79859348300079, 144.94845845599968","{""coordinates"": [144.94845845599968, -37.79859348300079], ""type"": ""Point""}",1249876,Sign - Public Transport 1 Panel,P.16,8970,0,21168,1249876,297,638970,42.16823981
Signage,,Sign - Public Transport,Sign - Public Transport 1 Panel Bus Stop Type 1,"-37.800561849475905, 144.96449089849344","{""coordinates"": [144.96449089849344, -37.800561849475905], ""type"": ""Point""}",1575585,Sign - Public Transport 1 Panel,P.16,9175,0,22506,1575585,42,104469,32.12911779
Signage,,Sign - Public Transport,Sign - Public Transport 1 Panel Bus Stop Type 8,"-37.80570689100192, 144.9560804373352","{""coordinates"": [144.9560804373352, -37.80570689100192], ""type"": ""Point""}",1248450,Sign - Public Transport 1 Panel,P.16,9652,0,20937,1248450,336,533963,17.476656
Signage,,Sign - Public Transport,Sign - Public Transport 1 Panel Bus Stop Type 5,"-37.79509600016651, 144.9365369758595","{""coordinates"": [144.9365369758595, -37.79509600016651], ""type"": ""Point""}",1574992,Sign - Public Transport 1 Panel,P.16,10200,0,21319,1574992,5,617411,12.01896372
Signage,,Sign - Public Transport,Sign - Public Transport 1 Panel Bus Stop Type 8,"-37.823481893825324, 144.9606983135566","{""coordinates"": [144.9606983135566, -37.823481893825324], ""type"": ""Point""}",1232894,Sign - Public Transport 1 Panel,P.16,10941,0,22057,1232894,294,539457,31.49553995
Signage,,Sign - Public Transport,Sign - Public Transport 1 Panel Bus Stop Type 3,"-37.82376089286155, 144.92141534380514","{""coordinates"": [144.92141534380514, -37.82376089286155], ""type"": ""Point""}",1245077,Sign - Public Transport 1 Panel,P.16,11191,0,22159,1245077,0,0,0
Signage,,Sign - Public Transport,Sign - Public Transport 1 Panel Bus Stop Type 8,"-37.81746488575314, 144.95908336349078","{""coordinates"": [144.95908336349078, -37.81746488575314], ""type"": ""Point""}",1236806,Sign - Public Transport 1 Panel,P.16,11488,0,20182,1236806,7,102122,20.71634084
Signage,,Sign - Public Transport,Sign - Public Transport 1 Panel Bus Stop Type 8,"-37.82168352630472, 144.96129766991564","{""coordinates"": [144.96129766991564, -37.82168352630472], ""type"": ""Point""}",1233065,Sign - Public Transport 1 Panel,P.16,11741,0,22563,1233065,202,570575,14.41924388
Signage,,Sign - Public Transport,Sign - Public Transport 1 Panel Bus Stop Type 3,"-37.82190993188825, 144.93242660517498","{""coordinates"": [144.93242660517498, -37.82190993188825], ""type"": ""Point""}",1257294,Sign - Public Transport 1 Panel,P.16,12063,561106,0,1257294,167,561106,12.03928279
Signage,,Sign - Public Transport,Sign - Public Transport 1 Panel Bus Stop Type 13,"-37.809816573755754, 144.9499300369178","{""coordinates"": [144.9499300369178, -37.809816573755754], ""type"": ""Point""}",1257044,Sign - Public Transport 1 Panel,P.16,13146,0,21417,1257044,7,108946,3.21489549
Signage,,Sign - Public Transport,Sign - Public Transport 1 Panel Bus Stop Type 8,"-37.8338230491092, 144.9795143710974","{""coordinates"": [144.9795143710974, -37.8338230491092], ""type"": ""Point""}",1253284,Sign - Public Transport 1 Panel,P.16,13242,0,22225,1253284,188,111370,6.94297602
Signage,,Sign - Public Transport,Sign - Public Transport 1 Panel Bus Stop Type 1,"-37.79540178497472, 144.95784312709472","{""coordinates"": [144.95784312709472, -37.79540178497472], ""type"": ""Point""}",1579768,Sign - Public Transport 1 Panel,P.16,13613,0,22363,1579768,187,108458,9.30560783
Signage,,Sign - Public Transport,Sign - Public Transport 1 Panel Bus Stop Type 8,"-37.78171322662849, 144.95986499626397","{""coordinates"": [144.95986499626397, -37.78171322662849], ""type"": ""Point""}",1252350,Sign - Public Transport 1 Panel,P.16,13819,0,22386,1252350,148,529140,43.85386076
Signage,,Sign - Public Transport,Sign - Public Transport 1 Panel Bus Stop Type 12,"-37.79897960292701, 144.96712273999506","{""coordinates"": [144.96712273999506, -37.79897960292701], ""type"": ""Point""}",1370845,Sign - Public Transport 1 Panel,P.16,14049,0,20532,1370845,130,106140,8.32735258
Signage,,Sign - Public Transport,Sign - Public Transport 1 Panel Bus Stop Type 12,"-37.79961584739574, 144.91827834668223","{""coordinates"": [144.91827834668223, -37.79961584739574], ""type"": ""Point""}",1270274,Sign - Public Transport 1 Panel,P.16,14275,0,21843,1270274,229,105222,17.52910793
Signage,,Sign - Public Transport,Sign - Public Transport 1 Panel Bus Stop Type 1,"-37.8000216853513, 144.9595076126765","{""coordinates"": [144.9595076126765, -37.8000216853513], ""type"": ""Point""}",1575589,Sign - Public Transport 1 Panel,P.16,14552,0,20850,1575589,303,502495,29.30671836
Signage,,Sign - Public Transport,Sign - Public Transport 1 Panel Bus Stop Type 8,"-37.82475002978367, 144.97082237553545","{""coordinates"": [144.97082237553545, -37.82475002978367], ""type"": ""Point""}",1239405,Sign - Public Transport 1 Panel,P.16,14828,0,22466,1239405,206,540076,33.41957061
Signage,,Sign - Public Transport,Sign - Public Transport 1 Panel Bus Stop Type 8,"-37.81172390817975, 144.95668033737152","{""coordinates"": [144.95668033737152, -37.81172390817975], ""type"": ""Point""}",1252703,Sign - Public Transport 1 Panel,P.16,15096,0,22615,1252703,260,110759,16.06194587
Signage,,Sign - Public Transport,Sign - Public Transport 1 Panel Bus Stop Type 8,"-37.79047682105318, 144.9434649962317","{""coordinates"": [144.9434649962317, -37.79047682105318], ""type"": ""Point""}",1234285,Sign - Public Transport 1 Panel,P.16,15288,0,22425,1234285,231,103889,26.51849472
Signage,,Sign - Public Transport,Sign - Public Transport 1 Panel Bus Stop Type 1,"-37.794769078965565, 144.92642079506638","{""coordinates"": [144.92642079506638, -37.794769078965565], ""type"": ""Point""}",1579942,Sign - Public Transport 1 Panel,P.16,15553,0,21686,1579942,81,105257,3.50447999
Signage,,Sign - Public Transport,Sign - Public Transport 1 Panel Bus Stop Type 8,"-37.828198029316454, 144.96603931801874","{""coordinates"": [144.96603931801874, -37.828198029316454], ""type"": ""Point""}",1239241,Sign - Public Transport 1 Panel,P.16,15748,0,22767,1239241,336,537103,31.56914297
Signage,,Sign - Public Transport,Sign - Public Transport 1 Panel Bus Stop Type 3,"-37.803343440196116, 144.9693670992385","{""coordinates"": [144.9693670992385, -37.803343440196116], ""type"": ""Point""}",1240396,Sign - Public Transport 1 Panel,P.16,16758,0,20556,1240396,117,612989,10.91445028
Signage,,Sign - Public Transport,Sign - Public Transport 1 Panel Bus Stop Type 3,"-37.827431112117395, 144.9027175957814","{""coordinates"": [144.9027175957814, -37.827431112117395], ""type"": ""Point""}",1244925,Sign - Public Transport 1 Panel,P.16,16854,0,22168,1244925,121,580037,29.33540886
Signage,,Sign - Public Transport,Sign - Public Transport 1 Panel Bus Stop Type 8,"-37.81828097717471, 144.96037240676188","{""coordinates"": [144.96037240676188, -37.81828097717471], ""type"": ""Point""}",1245353,Sign - Public Transport 1 Panel,P.16,17385,0,20133,1245353,276,559046,23.13283467
Signage,,Sign - Public Transport,Sign - Public Transport 1 Panel Bus Stop Type 3,"-37.8237568776443, 144.92164221918702","{""coordinates"": [144.92164221918702, -37.8237568776443], ""type"": ""Point""}",1245023,Sign - Public Transport 1 Panel,P.16,18023,0,22159,1245023,0,0,0
Signage,,Sign - Public Transport,Sign - Public Transport 1 Panel Bus Stop Type 8,"-37.83050250727819, 144.97139274185386","{""coordinates"": [144.97139274185386, -37.83050250727819], ""type"": ""Point""}",1249163,Sign - Public Transport 1 Panel,P.16,18285,0,22467,1249163,0,0,0
Signage,,Sign - Public Transport,Sign - Public Transport 1 Panel Bus Stop Type 8,"-37.79525280570435, 144.9752954554172","{""coordinates"": [144.9752954554172, -37.79525280570435], ""type"": ""Point""}",1247685,Sign - Public Transport 1 Panel,P.16,18998,0,20884,1247685,189,517620,14.87211663
Signage,,Sign - Public Transport,Sign - Public Transport 1 Panel Bus Stop Type 8,"-37.79412517227246, 144.96802316787404","{""coordinates"": [144.96802316787404, -37.79412517227246], ""type"": ""Point""}",1247850,Sign - Public Transport 1 Panel,P.16,19137,0,20538,1247850,133,522611,43.65971255
Signage,,Sign - Public Transport,Sign - Public Transport 1 Panel Bus Stop Type 1,"-37.79854435502073, 144.95795135251927","{""coordinates"": [144.95795135251927, -37.79854435502073], ""type"": ""Point""}",1579933,Sign - Public Transport 1 Panel,P.16,19870,0,22514,1579933,77,638052,51.88217484
Signage,,Sign - Public Transport,Sign - Public Transport 1 Panel Bus Stop Type 13,"-37.81759594129376, 144.96174844051686","{""coordinates"": [144.96174844051686, -37.81759594129376], ""type"": ""Point""}",1268440,Sign - Public Transport 1 Panel,P.16,19878,0,20171,1268440,126,527371,10.64392282
Signage,,Sign - Public Transport,Sign - Public Transport 1 Panel Bus Stop Type 12,"-37.81899391883097, 144.9617683754036","{""coordinates"": [144.9617683754036, -37.81899391883097], ""type"": ""Point""}",1345094,Sign - Public Transport 1 Panel,P.16,20012,0,20218,1345094,300,639653,33.37655135
Signage,,Sign - Public Transport,Sign - Public Transport 1 Panel Bus Stop Type 11,"-37.81383789887729, 144.95159824560972","{""coordinates"": [144.95159824560972, -37.81383789887729], ""type"": ""Point""}",1253832,Sign - Public Transport 1 Panel,P.16,20094,0,20032,1253832,0,625441,29.41202858
Signage,,Sign - Public Transport,Sign - Public Transport 1 Panel Bus Stop Type 3,"-37.816192908308494, 144.96110340261552","{""coordinates"": [144.96110340261552, -37.816192908308494], ""type"": ""Point""}",1236752,Sign - Public Transport 1 Panel,P.16,21881,0,20172,1236752,133,611679,33.09135168
Signage,,Sign - Public Transport,Sign - Public Transport 1 Panel Bus Stop Type 3,"-37.83864195415242, 144.9863653689292","{""coordinates"": [144.9863653689292, -37.83864195415242], ""type"": ""Point""}",1257489,Sign - Public Transport 1 Panel,P.16,21924,0,22749,1257489,226,107813,3.25234746
Signage,,Sign - Public Transport,Sign - Public Transport 1 Panel Bus Stop Type 11,"-37.80707788076467, 144.91339940699515","{""coordinates"": [144.91339940699515, -37.80707788076467], ""type"": ""Point""}",1236367,Sign - Public Transport 1 Panel,P.16,22219,0,22442,1236367,80,104045,14.60443576
Signage,,Sign - Public Transport,Sign - Public Transport 1 Panel Bus Stop Type 8,"-37.83358497052535, 144.9776833283757","{""coordinates"": [144.9776833283757, -37.83358497052535], ""type"": ""Point""}",1254717,Sign - Public Transport 1 Panel,P.16,22522,0,22223,1254717,0,0,0
Signage,,Sign - Public Transport,Sign - Public Transport 1 Panel Bus Stop Type 8,"-37.798108329885295, 144.9578453614485","{""coordinates"": [144.9578453614485, -37.798108329885295], ""type"": ""Point""}",1233949,Sign - Public Transport 1 Panel,P.16,22726,0,22514,1233949,6,638052,22.05054616
Signage,,Sign - Public Transport,Sign - Public Transport 1 Panel Bus Stop Type 12,"-37.79491046373402, 144.93370075319825","{""coordinates"": [144.93370075319825, -37.79491046373402], ""type"": ""Point""}",1235383,Sign - Public Transport 1 Panel,P.16,22853,0,21268,1235383,306,106306,5.02859831
Signage,,Sign - Public Transport,Sign - Public Transport 1 Panel Bus Stop Type 11,"-37.81570404359276, 144.96116717702685","{""coordinates"": [144.96116717702685, -37.81570404359276], ""type"": ""Point""}",1344528,Sign - Public Transport 1 Panel,P.16,22937,0,20173,1344528,317,527822,9.31682891
Signage,,Sign - Public Transport,Sign - Public Transport 1 Panel Bus Stop Type 8,"-37.807098946090186, 144.95582136066648","{""coordinates"": [144.95582136066648, -37.807098946090186], ""type"": ""Point""}",1238699,Sign - Public Transport 1 Panel,P.16,22969,0,22659,1238699,349,528064,20.249339
Signage,,Sign - Public Transport,Sign - Public Transport 1 Panel Bus Stop Type 8,"-37.805930935910226, 144.95622134831407","{""coordinates"": [144.95622134831407, -37.805930935910226], ""type"": ""Point""}",1252992,Sign - Public Transport 1 Panel,P.16,23110,0,22673,1252992,305,533712,16.62010184
Signage,,Sign - Public Transport,Sign - Public Transport 1 Panel Bus Stop Type 8,"-37.83800607791817, 144.98447444654406","{""coordinates"": [144.98447444654406, -37.83800607791817], ""type"": ""Point""}",1254825,Sign - Public Transport 1 Panel,P.16,23788,0,22219,1254825,64,565532,93.70978639
Signage,,Sign - Public Transport,Sign - Public Transport 1 Panel Bus Stop Type 3,"-37.79497661521105, 144.9707989948912","{""coordinates"": [144.9707989948912, -37.79497661521105], ""type"": ""Point""}",1247785,Sign - Public Transport 1 Panel,P.16,23919,0,20570,1247785,327,623854,30.59613969
Signage,,Sign - Public Transport,Sign - Public Transport 1 Panel Bus Stop Type 13,"-37.81138987793888, 144.95891148533326","{""coordinates"": [144.95891148533326, -37.81138987793888], ""type"": ""Point""}",1269049,Sign - Public Transport 1 Panel,P.16,23932,0,20177,1269049,281,577287,17.52279116
Signage,,Sign - Public Transport,Sign - Public Transport 1 Panel Bus Stop Type 1,"-37.79371580698226, 144.97101530838722","{""coordinates"": [144.97101530838722, -37.79371580698226], ""type"": ""Point""}",1558506,Sign - Public Transport 1 Panel,P.16,24087,0,20639,1558506,341,533653,27.45809261
Signage,,Sign - Public Transport,Sign - Public Transport 1 Panel Bus Stop Type 8,"-37.826139892274156, 144.96051538984986","{""coordinates"": [144.96051538984986, -37.826139892274156], ""type"": ""Point""}",1240003,Sign - Public Transport 1 Panel,P.16,25172,0,22043,1240003,279,110636,44.16355082
Signage,,Sign - Public Transport,Sign - Public Transport 1 Panel Bus Stop Type 8,"-37.81105987177411, 144.95869339408225","{""coordinates"": [144.95869339408225, -37.81105987177411], ""type"": ""Point""}",1252744,Sign - Public Transport 1 Panel,P.16,26735,0,20026,1252744,239,577288,31.78757985
Signage,,Sign - Public Transport,Sign - Public Transport 1 Panel Bus Stop Type 8,"-37.797551357061536, 144.95245038881728","{""coordinates"": [144.95245038881728, -37.797551357061536], ""type"": ""Point""}",1250696,Sign - Public Transport 1 Panel,P.16,26825,0,22690,1250696,72,570634,29.49941527
Signage,,Sign - Public Transport,Sign - Public Transport 1 Panel Bus Stop Type 13,"-37.80566084284532, 144.9434254553253","{""coordinates"": [144.9434254553253, -37.80566084284532], ""type"": ""Point""}",1257006,Sign - Public Transport 1 Panel,P.16,27645,0,21343,1257006,210,108897,3.55930387
Signage,,Sign - Public Transport,Sign - Public Transport 1 Panel Bus Stop Type 8,"-37.80265362097663, 144.9457021570429","{""coordinates"": [144.9457021570429, -37.80265362097663], ""type"": ""Point""}",1250974,Sign - Public Transport 1 Panel,P.16,28452,0,21015,1250974,297,107942,14.06489762
Signage,,Sign - Public Transport,Sign - Public Transport 1 Panel Bus Stop Type 12,"-37.7929305017464, 144.96772679755713","{""coordinates"": [144.96772679755713, -37.7929305017464], ""type"": ""Point""}",1370842,Sign - Public Transport 1 Panel,P.16,28943,0,20773,1370842,303,106169,51.96336041
Signage,,Sign - Public Transport,Sign - Public Transport 1 Panel Bus Stop Type 8,"-37.80282843793904, 144.9479395483275","{""coordinates"": [144.9479395483275, -37.80282843793904], ""type"": ""Point""}",1251207,Sign - Public Transport 1 Panel,P.16,29192,0,21015,1251207,123,107985,13.53262428
Signage,,Sign - Public Transport,Sign - Public Transport 1 Panel Bus Stop Type 3,"-37.79800228540994, 144.9743090963708","{""coordinates"": [144.9743090963708, -37.79800228540994], ""type"": ""Point""}",1241401,Sign - Public Transport 1 Panel,P.16,30102,0,20597,1241401,220,511049,3.99804952
Signage,,Sign - Public Transport,Sign - Public Transport 1 Panel Bus Stop Type 8,"-37.80557177648884, 144.95351041136576","{""coordinates"": [144.95351041136576, -37.80557177648884], ""type"": ""Point""}",1257190,Sign - Public Transport 1 Panel,P.16,30512,0,20960,1257190,133,109819,17.83195393
Signage,,Sign - Public Transport,Sign - Public Transport 1 Panel Bus Stop Type 8,"-37.79943557392906, 144.95572044672738","{""coordinates"": [144.95572044672738, -37.79943557392906], ""type"": ""Point""}",1567474,Sign - Public Transport 1 Panel,P.16,31009,0,21552,1567474,236,103813,91.2385968
Signage,,Sign - Public Transport,Sign - Public Transport 1 Panel Bus Stop Type 8,"-37.80551491970227, 144.9523962734518","{""coordinates"": [144.9523962734518, -37.80551491970227], ""type"": ""Point""}",1257193,Sign - Public Transport 1 Panel,P.16,31129,0,20960,1257193,266,517080,11.36276208
Signage,,Sign - Public Transport,Sign - Public Transport 1 Panel Bus Stop Type 8,"-37.823481893825324, 144.9606983135566","{""coordinates"": [144.9606983135566, -37.823481893825324], ""type"": ""Point""}",1232893,Sign - Public Transport 1 Panel,P.16,31900,0,22057,1232893,294,539457,31.49553995
Signage,,Sign - Public Transport,Sign - Public Transport 1 Panel Bus Stop Type 8,"-37.79991202015577, 144.95743395487568","{""coordinates"": [144.95743395487568, -37.79991202015577], ""type"": ""Point""}",1248508,Sign - Public Transport 1 Panel,P.16,32141,0,21551,1248508,340,633969,40.31790809
Signage,,Sign - Public Transport,Sign - Public Transport 1 Panel Bus Stop Type 1,"-37.80077767616837, 144.96646752265008","{""coordinates"": [144.96646752265008, -37.80077767616837], ""type"": ""Point""}",1575551,Sign - Public Transport 1 Panel,P.16,32819,0,20757,1575551,297,515675,6.80612614
Signage,,Sign - Public Transport,Sign - Public Transport 1 Panel Bus Stop Type 11,"-37.80690391858625, 144.91162832730802","{""coordinates"": [144.91162832730802, -37.80690391858625], ""type"": ""Point""}",1236369,Sign - Public Transport 1 Panel,P.16,33030,0,22442,1236369,158,104052,56.19476538
Signage,,Sign - Public Transport,Sign - Public Transport 1 Panel Bus Stop Type 3,"-37.82093926515732, 144.9271057669481","{""coordinates"": [144.9271057669481, -37.82093926515732], ""type"": ""Point""}",1245217,Sign - Public Transport 1 Panel,P.16,33197,0,22158,1245217,266,565798,23.50606673
Signage,,Sign - Public Transport,Sign - Public Transport 1 Panel Bus Stop Type 8,"-37.80241749595982, 144.94561852036114","{""coordinates"": [144.94561852036114, -37.80241749595982], ""type"": ""Point""}",1251350,Sign - Public Transport 1 Panel,P.16,33927,0,22678,1251350,53,100121,20.59051418
Signage,,Sign - Public Transport,Sign - Public Transport 1 Panel Bus Stop Type 3,"-37.82453811405424, 144.90656156970934","{""coordinates"": [144.90656156970934, -37.82453811405424], ""type"": ""Point""}",1244899,Sign - Public Transport 1 Panel,P.16,34368,0,22168,1244899,279,570827,21.17097381
Signage,,Sign - Public Transport,Sign - Public Transport 1 Panel Bus Stop Type 11,"-37.810484001081136, 144.9563024207091","{""coordinates"": [144.9563024207091, -37.810484001081136], ""type"": ""Point""}",1252676,Sign - Public Transport 1 Panel,P.16,35006,0,22653,1252676,150,567737,38.3846679
Signage,,Sign - Public Transport,Sign - Public Transport 1 Panel Bus Stop Type 4,"-37.79509600016651, 144.9365369758595","{""coordinates"": [144.9365369758595, -37.79509600016651], ""type"": ""Point""}",1574991,Sign - Public Transport 1 Panel,P.16,35413,0,21319,1574991,5,617411,12.01896372
Signage,,Sign - Public Transport,Sign - Public Transport 1 Panel Bus Stop Type 1,"-37.81748417158973, 144.9532635809572","{""coordinates"": [144.9532635809572, -37.81748417158973], ""type"": ""Point""}",1560835,Sign - Public Transport 1 Panel,P.16,35528,0,20073,1560835,353,531006,32.97173638
Signage,,Sign - Public Transport,Sign - Public Transport 1 Panel Bus Stop Type 8,"-37.80496835121376, 144.94935083669122","{""coordinates"": [144.94935083669122, -37.80496835121376], ""type"": ""Point""}",1251669,Sign - Public Transport 1 Panel,P.16,36112,0,20992,1251669,4,512269,9.4436089
Signage,,Sign - Public Transport,Sign - Public Transport 1 Panel Bus Stop Type 8,"-37.81105987177411, 144.95869339408225","{""coordinates"": [144.95869339408225, -37.81105987177411], ""type"": ""Point""}",1252743,Sign - Public Transport 1 Panel,P.16,36816,0,20026,1252743,239,577288,31.78757985
Signage,,Sign - Public Transport,Sign - Public Transport 1 Panel Bus Stop Type 11,"-37.82627995778155, 144.97118333863307","{""coordinates"": [144.97118333863307, -37.82627995778155], ""type"": ""Point""}",1239357,Sign - Public Transport 1 Panel,P.16,37971,0,22702,1239357,326,111024,74.05770302
Signage,,Sign - Public Transport,Sign - Public Transport 1 Panel Bus Stop Type 8,"-37.79700526969341, 144.96762216850632","{""coordinates"": [144.96762216850632, -37.79700526969341], ""type"": ""Point""}",1233409,Sign - Public Transport 1 Panel,P.16,38209,0,20536,1233409,32,106186,14.17948582
Signage,,Sign - Public Transport,Sign - Public Transport 1 Panel Bus Stop Type 8,"-37.79270227455465, 144.95831424644234","{""coordinates"": [144.95831424644234, -37.79270227455465], ""type"": ""Point""}",1234022,Sign - Public Transport 1 Panel,P.16,38641,0,22372,1234022,222,108487,34.40210408
Signage,,Sign - Public Transport,Sign - Public Transport 1 Panel Bus Stop Type 8,"-37.78737016259562, 144.96918092237397","{""coordinates"": [144.96918092237397, -37.78737016259562], ""type"": ""Point""}",1252536,Sign - Public Transport 1 Panel,P.16,39748,0,22508,1252536,0,0,0
Signage,,Sign - Public Transport,Sign - Public Transport 1 Panel Bus Stop Type 8,"-37.77687767673642, 144.94947531108608","{""coordinates"": [144.94947531108608, -37.77687767673642], ""type"": ""Point""}",1244489,Sign - Public Transport 1 Panel,P.16,40010,0,22398,1244489,178,639767,13.72525672
Signage,,Sign - Public Transport,Sign - Public Transport 1 Panel Bus Stop Type 8,"-37.830076314348155, 144.96531772571083","{""coordinates"": [144.96531772571083, -37.830076314348155], ""type"": ""Point""}",1239220,Sign - Public Transport 1 Panel,P.16,40427,0,22118,1239220,121,110628,16.38228
Signage,,Sign - Public Transport,Sign - Public Transport 1 Panel Bus Stop Type 3,"-37.82097678869638, 144.92581314868238","{""coordinates"": [144.92581314868238, -37.82097678869638], ""type"": ""Point""}",1245195,Sign - Public Transport 1 Panel,P.16,40450,0,22156,1245195,154,562527,77.3555899
Signage,,Sign - Public Transport,Sign - Public Transport 1 Panel Bus Stop Type 8,"-37.796717481892664, 144.94652849185758","{""coordinates"": [144.94652849185758, -37.796717481892664], ""type"": ""Point""}",1249762,Sign - Public Transport 1 Panel,P.16,40643,0,20907,1249762,215,565421,14.59503731
Signage,,Sign - Public Transport,Sign - Public Transport 1 Panel Bus Stop Type 8,"-37.84536002766068, 144.982312412603","{""coordinates"": [144.982312412603, -37.84536002766068], ""type"": ""Point""}",1255285,Sign - Public Transport 1 Panel,P.16,41418,0,22308,1255285,0,0,0
Signage,,Sign - Public Transport,Sign - Public Transport 1 Panel Bus Stop Type 3,"-37.80136463912211, 144.91440645303163","{""coordinates"": [144.91440645303163, -37.80136463912211], ""type"": ""Point""}",1463005,Sign - Public Transport 1 Panel,P.16,41465,0,21683,1463005,19,654920,9.33443244
Signage,,Sign - Public Transport,Sign - Public Transport 1 Panel Bus Stop Type 3,"-37.79898487483806, 144.96733940321963","{""coordinates"": [144.96733940321963, -37.79898487483806], ""type"": ""Point""}",1240744,Sign - Public Transport 1 Panel,P.16,42233,0,20532,1240744,357,106200,5.91725485
Signage,,Sign - Public Transport,Sign - Public Transport 1 Panel Bus Stop Type 8,"-37.779366174108, 144.9599419065271","{""coordinates"": [144.9599419065271, -37.779366174108], ""type"": ""Point""}",1252370,Sign - Public Transport 1 Panel,P.16,42321,0,22393,1252370,180,108524,20.52678048
Signage,,Sign - Public Transport,Sign - Public Transport 1 Panel Bus Stop Type 12,"-37.79582851441957, 144.94131248652099","{""coordinates"": [144.94131248652099, -37.79582851441957], ""type"": ""Point""}",1234772,Sign - Public Transport 1 Panel,P.16,42403,0,21324,1234772,78,617311,23.9508819
Signage,,Sign - Public Transport,Sign - Public Transport 1 Panel Bus Stop Type 8,"-37.83302599574912, 144.97445042981525","{""coordinates"": [144.97445042981525, -37.83302599574912], ""type"": ""Point""}",1253308,Sign - Public Transport 1 Panel,P.16,42804,0,22708,1253308,0,0,0
Signage,,Sign - Public Transport,Sign - Public Transport 1 Panel Bus Stop Type 8,"-37.794951472118605, 144.9469434142297","{""coordinates"": [144.9469434142297, -37.794951472118605], ""type"": ""Point""}",1249797,Sign - Public Transport 1 Panel,P.16,42849,0,21235,1249797,6,568083,10.60437815
Signage,,Sign - Public Transport,Sign - Public Transport 1 Panel Bus Stop Type 3,"-37.82467809093513, 144.90658328970764","{""coordinates"": [144.90658328970764, -37.82467809093513], ""type"": ""Point""}",1244896,Sign - Public Transport 1 Panel,P.16,43206,0,22168,1244896,283,570827,5.52892684
Signage,,Sign - Public Transport,Sign - Public Transport 1 Panel Bus Stop Type 3,"-37.80516590907756, 144.9660313973566","{""coordinates"": [144.9660313973566, -37.80516590907756], ""type"": ""Point""}",1240253,Sign - Public Transport 1 Panel,P.16,43543,0,20522,1240253,251,521664,13.87881868
Signage,,Sign - Public Transport,Sign - Public Transport 1 Panel Bus Stop Type 3,"-37.82089888130361, 144.92152824708276","{""coordinates"": [144.92152824708276, -37.82089888130361], ""type"": ""Point""}",1245203,Sign - Public Transport 1 Panel,P.16,43642,0,22156,1245203,352,589044,25.74692665
Signage,,Sign - Public Transport,Sign - Public Transport 1 Panel Bus Stop Type 8,"-37.818314889062094, 144.956839508202","{""coordinates"": [144.956839508202, -37.818314889062094], ""type"": ""Point""}",1268402,Sign - Public Transport 1 Panel,P.16,44101,0,20118,1268402,285,105393,35.87798434
Signage,,Sign - Public Transport,Sign - Public Transport 1 Panel Bus Stop Type 13,"-37.80384165792465, 144.93239283833262","{""coordinates"": [144.93239283833262, -37.80384165792465], ""type"": ""Point""}",1235255,Sign - Public Transport 1 Panel,P.16,355,0,21673,1235255,357,570648,76.81982435
Signage,,Sign - Public Transport,Sign - Public Transport 1 Panel Bus Stop Type 8,"-37.81548699581418, 144.9581794249902","{""coordinates"": [144.9581794249902, -37.81548699581418], ""type"": ""Point""}",1231226,Sign - Public Transport 1 Panel,P.16,600,0,20184,1231226,83,548056,21.56130407
Signage,,Sign - Public Transport,Sign - Public Transport 1 Panel Bus Stop Type 8,"-37.81353897396532, 144.95728334230756","{""coordinates"": [144.95728334230756, -37.81353897396532], ""type"": ""Point""}",1237092,Sign - Public Transport 1 Panel,P.16,640,0,20186,1237092,207,543382,42.17718722
Signage,,Sign - Public Transport,Sign - Public Transport 1 Panel Bus Stop Type 8,"-37.82191394843844, 144.95539345270072","{""coordinates"": [144.95539345270072, -37.82191394843844], ""type"": ""Point""}",1232777,Sign - Public Transport 1 Panel,P.16,918,0,22174,1232777,181,103975,15.86043382
Signage,,Sign - Public Transport,Sign - Public Transport 1 Panel Bus Stop Type 8,"-37.83316401267591, 144.97443745130263","{""coordinates"": [144.97443745130263, -37.83316401267591], ""type"": ""Point""}",1271914,Sign - Public Transport 1 Panel,P.16,1029,0,22708,1271914,0,0,0
Signage,,Sign - Public Transport,Sign - Public Transport 1 Panel Bus Stop Type 1,"-37.79436108568101, 144.92998424529242","{""coordinates"": [144.92998424529242, -37.79436108568101], ""type"": ""Point""}",1577059,Sign - Public Transport 1 Panel,P.16,1139,0,21693,1577059,112,616011,3.10572182
Signage,,Sign - Public Transport,Sign - Public Transport 1 Panel Bus Stop Type 3,"-37.817452093555325, 144.96168480565794","{""coordinates"": [144.96168480565794, -37.817452093555325], ""type"": ""Point""}",1481028,Sign - Public Transport 1 Panel,P.16,1263,0,20171,1481028,268,527371,7.23972603
Signage,,Sign - Public Transport,Sign - Public Transport 1 Panel Bus Stop Type 3,"-37.82146476463953, 144.9303191551562","{""coordinates"": [144.9303191551562, -37.82146476463953], ""type"": ""Point""}",1245221,Sign - Public Transport 1 Panel,P.16,2527,0,30638,1245221,298,110521,32.18066371
Signage,,Sign - Public Transport,Sign - Public Transport 1 Panel Bus Stop Type 8,"-37.837547087144706, 144.98191138368836","{""coordinates"": [144.98191138368836, -37.837547087144706], ""type"": ""Point""}",1248743,Sign - Public Transport 1 Panel,P.16,2922,0,22245,1248743,78,107419,41.44116655
Signage,,Sign - Public Transport,Sign - Public Transport 1 Panel Bus Stop Type 8,"-37.812490976626215, 144.95370614040704","{""coordinates"": [144.95370614040704, -37.812490976626215], ""type"": ""Point""}",1253565,Sign - Public Transport 1 Panel,P.16,5111,0,20030,1253565,99,602160,16.14376437
Signage,,Sign - Public Transport,Sign - Public Transport 1 Panel Bus Stop Type 8,"-37.80568178285169, 144.9538874178126","{""coordinates"": [144.9538874178126, -37.80568178285169], ""type"": ""Point""}",1257184,Sign - Public Transport 1 Panel,P.16,6253,0,20951,1257184,295,533738,13.19581543
Signage,,Sign - Public Transport,Sign - Public Transport 1 Panel Bus Stop Type 11,"-37.81046893573314, 144.95002330947514","{""coordinates"": [144.95002330947514, -37.81046893573314], ""type"": ""Point""}",1253494,Sign - Public Transport 1 Panel,P.16,6308,0,21486,1253494,130,608842,9.84831407
Signage,,Sign - Public Transport,Sign - Public Transport 1 Panel Bus Stop Type 13,"-37.8019227781844, 144.91933001451295","{""coordinates"": [144.91933001451295, -37.8019227781844], ""type"": ""Point""}",1235296,Sign - Public Transport 1 Panel,P.16,6407,0,21680,1235296,309,102993,35.06624367
Signage,,Sign - Public Transport,Sign - Public Transport 1 Panel Bus Stop Type 8,"-37.79643544425749, 144.95105741007433","{""coordinates"": [144.95105741007433, -37.79643544425749], ""type"": ""Point""}",1250709,Sign - Public Transport 1 Panel,P.16,7621,0,20921,1250709,1,104198,41.43510194
Signage,,Sign - Public Transport,Sign - Public Transport 1 Panel Bus Stop Type 1,"-37.81284286140822, 144.95705739709712","{""coordinates"": [144.95705739709712, -37.81284286140822], ""type"": ""Point""}",1568360,Sign - Public Transport 1 Panel,P.16,7768,0,20186,1568360,104,110758,24.10362334
Signage,,Sign - Public Transport,Sign - Public Transport 1 Panel Bus Stop Type 8,"-37.82622493578387, 144.96073232156283","{""coordinates"": [144.96073232156283, -37.82622493578387], ""type"": ""Point""}",1240004,Sign - Public Transport 1 Panel,P.16,8972,0,22043,1240004,251,110636,36.61689529
Signage,,Sign - Public Transport,Sign - Public Transport 1 Panel Bus Stop Type 11,"-37.80147783382775, 144.91338439418467","{""coordinates"": [144.91338439418467, -37.80147783382775], ""type"": ""Point""}",1235877,Sign - Public Transport 1 Panel,P.16,9717,0,21683,1235877,178,102985,25.22880845
Signage,,Sign - Public Transport,Sign - Public Transport 1 Panel Bus Stop Type 13,"-37.81925793836065, 144.96137134270353","{""coordinates"": [144.96137134270353, -37.81925793836065], ""type"": ""Point""}",1245491,Sign - Public Transport 1 Panel,P.16,10046,0,20218,1245491,92,627343,20.83965494
Signage,,Sign - Public Transport,Sign - Public Transport 1 Panel Bus Stop Type 8,"-37.823393054989104, 144.9697464050253","{""coordinates"": [144.9697464050253, -37.823393054989104], ""type"": ""Point""}",1239427,Sign - Public Transport 1 Panel,P.16,10991,0,22080,1239427,291,566451,17.58473113
Signage,,Sign - Public Transport,Sign - Public Transport 1 Panel Bus Stop Type 8,"-37.79632349721997, 144.94669442099848","{""coordinates"": [144.94669442099848, -37.79632349721997], ""type"": ""Point""}",1249807,Sign - Public Transport 1 Panel,P.16,11027,0,21232,1249807,359,500200,10.89268323
Signage,,Sign - Public Transport,Sign - Public Transport 1 Panel Bus Stop Type 3,"-37.82168352630472, 144.96129766991564","{""coordinates"": [144.96129766991564, -37.82168352630472], ""type"": ""Point""}",1233064,Sign - Public Transport 1 Panel,P.16,11296,0,22563,1233064,202,570575,14.41924388
Signage,,Sign - Public Transport,Sign - Public Transport 1 Panel Bus Stop Type 13,"-37.80868206462129, 144.94871799084606","{""coordinates"": [144.94871799084606, -37.80868206462129], ""type"": ""Point""}",1256981,Sign - Public Transport 1 Panel,P.16,11572,0,21423,1256981,253,108865,3.71203798
Signage,,Sign - Public Transport,Sign - Public Transport 1 Panel Bus Stop Type 3,"-37.80936279878404, 144.95558831833387","{""coordinates"": [144.95558831833387, -37.80936279878404], ""type"": ""Point""}",1448084,Sign - Public Transport 1 Panel,P.16,12010,0,21528,1448084,65,514908,41.78250894
Signage,,Sign - Public Transport,Sign - Public Transport 1 Panel Bus Stop Type 3,"-37.79382711275603, 144.9712669861909","{""coordinates"": [144.9712669861909, -37.79382711275603], ""type"": ""Point""}",1234089,Sign - Public Transport 1 Panel,P.16,12205,0,20639,1234089,321,108220,3.80221475
Signage,,Sign - Public Transport,Sign - Public Transport 1 Panel Bus Stop Type 1,"-37.80047456029286, 144.91681504215674","{""coordinates"": [144.91681504215674, -37.80047456029286], ""type"": ""Point""}",1579425,Sign - Public Transport 1 Panel,P.16,12390,0,21843,1579425,8,105224,4.80210839
Signage,,Sign - Public Transport,Sign - Public Transport 1 Panel Bus Stop Type 1,"-37.80357727969363, 144.93206072785097","{""coordinates"": [144.93206072785097, -37.80357727969363], ""type"": ""Point""}",1579415,Sign - Public Transport 1 Panel,P.16,12777,0,21675,1579415,147,103008,53.3591988
Signage,,Sign - Public Transport,Sign - Public Transport 1 Panel Bus Stop Type 12,"-37.81916651372429, 144.96197776773317","{""coordinates"": [144.96197776773317, -37.81916651372429], ""type"": ""Point""}",1345095,Sign - Public Transport 1 Panel,P.16,12946,0,20218,1345095,289,639652,8.68293188
Signage,,Sign - Public Transport,Sign - Public Transport 1 Panel Bus Stop Type 3,"-37.80256698905951, 144.96650544429707","{""coordinates"": [144.96650544429707, -37.80256698905951], ""type"": ""Point""}",1240329,Sign - Public Transport 1 Panel,P.16,13491,0,20528,1240329,346,627268,24.94990559
Signage,,Sign - Public Transport,Sign - Public Transport 1 Panel Bus Stop Type 3,"-37.82590463494035, 144.9222805585589","{""coordinates"": [144.9222805585589, -37.82590463494035], ""type"": ""Point""}",1344568,Sign - Public Transport 1 Panel,P.16,14494,0,22149,1344568,0,0,0
Signage,,Sign - Public Transport,Sign - Public Transport 1 Panel Bus Stop Type 8,"-37.828445979568414, 144.96574937670476","{""coordinates"": [144.96574937670476, -37.828445979568414], ""type"": ""Point""}",1239231,Sign - Public Transport 1 Panel,P.16,15159,0,22118,1239231,231,110625,13.31943006
Signage,,Sign - Public Transport,Sign - Public Transport 1 Panel Bus Stop Type 8,"-37.82480198399865, 144.97076232908503","{""coordinates"": [144.97076232908503, -37.82480198399865], ""type"": ""Point""}",1239404,Sign - Public Transport 1 Panel,P.16,15210,0,22466,1239404,200,540076,26.35338346
Signage,,Sign - Public Transport,Sign - Public Transport 1 Panel Bus Stop Type 11,"-37.793085802097636, 144.97495851135966","{""coordinates"": [144.97495851135966, -37.793085802097636], ""type"": ""Point""}",1247701,Sign - Public Transport 1 Panel,P.16,15742,0,20627,1247701,218,109095,13.45065798
Signage,,Sign - Public Transport,Sign - Public Transport 1 Panel Bus Stop Type 8,"-37.81313468607944, 144.9517210522907","{""coordinates"": [144.9517210522907, -37.81313468607944], ""type"": ""Point""}",1253576,Sign - Public Transport 1 Panel,P.16,17843,0,20030,1253576,334,562944,13.98277844
Signage,,Sign - Public Transport,Sign - Public Transport 1 Panel Bus Stop Type 12,"-37.79779448884971, 144.94406544679455","{""coordinates"": [144.94406544679455, -37.79779448884971], ""type"": ""Point""}",1234412,Sign - Public Transport 1 Panel,P.16,18489,0,21214,1234412,95,108727,10.68317055
Signage,,Sign - Public Transport,Sign - Public Transport 1 Panel Bus Stop Type 8,"-37.80139083296643, 144.95672641628454","{""coordinates"": [144.95672641628454, -37.80139083296643], ""type"": ""Point""}",1248470,Sign - Public Transport 1 Panel,P.16,19093,0,20594,1248470,213,107520,21.69632172
Signage,,Sign - Public Transport,Sign - Public Transport 1 Panel Bus Stop Type 8,"-37.836019039493614, 144.9755123427878","{""coordinates"": [144.9755123427878, -37.836019039493614], ""type"": ""Point""}",1255342,Sign - Public Transport 1 Panel,P.16,19695,0,22470,1255342,30,529564,29.14203081
Signage,,Sign - Public Transport,Sign - Public Transport 1 Panel Bus Stop Type 8,"-37.77939815716074, 144.9601599346738","{""coordinates"": [144.9601599346738, -37.77939815716074], ""type"": ""Point""}",1252358,Sign - Public Transport 1 Panel,P.16,19799,0,22393,1252358,175,108524,39.94329877
Signage,,Sign - Public Transport,Sign - Public Transport 1 Panel Bus Stop Type 3,"-37.83654500710552, 144.98680793880067","{""coordinates"": [144.98680793880067, -37.83654500710552], ""type"": ""Point""}",1248655,Sign - Public Transport 1 Panel,P.16,20193,0,22300,1248655,89,107820,17.18439679
Signage,,Sign - Public Transport,Sign - Public Transport 1 Panel Bus Stop Type 8,"-37.81496421167442, 144.9523146850266","{""coordinates"": [144.9523146850266, -37.81496421167442], ""type"": ""Point""}",1253844,Sign - Public Transport 1 Panel,P.16,20421,0,20077,1253844,242,611234,25.38230139
Signage,,Sign - Public Transport,Sign - Public Transport 1 Panel Bus Stop Type 8,"-37.78766752944717, 144.95913336071771","{""coordinates"": [144.95913336071771, -37.78766752944717], ""type"": ""Point""}",1252331,Sign - Public Transport 1 Panel,P.16,20790,0,22433,1252331,132,529045,53.92558496
Signage,,Sign - Public Transport,Sign - Public Transport 1 Panel Bus Stop Type 8,"-37.83597702837875, 144.98205678049507","{""coordinates"": [144.98205678049507, -37.83597702837875], ""type"": ""Point""}",1248730,Sign - Public Transport 1 Panel,P.16,20985,0,22730,1248730,239,107374,5.68280996
Signage,,Sign - Public Transport,Sign - Public Transport 1 Panel Bus Stop Type 8,"-37.81888176511253, 144.95412220092587","{""coordinates"": [144.95412220092587, -37.81888176511253], ""type"": ""Point""}",1246971,Sign - Public Transport 1 Panel,P.16,21204,0,20071,1246971,58,579287,14.34503015
Signage,,Sign - Public Transport,Sign - Public Transport 1 Panel Bus Stop Type 8,"-37.815867567322975, 144.95824209522883","{""coordinates"": [144.95824209522883, -37.815867567322975], ""type"": ""Point""}",1236808,Sign - Public Transport 1 Panel,P.16,21874,0,20183,1236808,94,548056,63.64203904
Signage,,Sign - Public Transport,Sign - Public Transport 1 Panel Bus Stop Type 8,"-37.823554040273095, 144.96766430983428","{""coordinates"": [144.96766430983428, -37.823554040273095], ""type"": ""Point""}",1239533,Sign - Public Transport 1 Panel,P.16,22281,0,22080,1239533,218,567779,67.68289635
Signage,,Sign - Public Transport,Sign - Public Transport 1 Panel Bus Stop Type 8,"-37.85056307604563, 144.98401830869636","{""coordinates"": [144.98401830869636, -37.85056307604563], ""type"": ""Point""}",1255226,Sign - Public Transport 1 Panel,P.16,22793,0,22479,1255226,0,0,0
Signage,,Sign - Public Transport,Sign - Public Transport 1 Panel Bus Stop Type 1,"-37.79443959174042, 144.9295031556217","{""coordinates"": [144.9295031556217, -37.79443959174042], ""type"": ""Point""}",1577042,Sign - Public Transport 1 Panel,P.16,23024,0,21693,1577042,299,106320,2.82667366
Signage,,Sign - Public Transport,Sign - Public Transport 1 Panel Bus Stop Type 8,"-37.845617997463314, 144.98485133091194","{""coordinates"": [144.98485133091194, -37.845617997463314], ""type"": ""Point""}",1254948,Sign - Public Transport 1 Panel,P.16,23114,0,22308,1254948,267,645774,19.56622421
Signage,,Sign - Public Transport,Sign - Public Transport 1 Panel Bus Stop Type 3,"-37.82267609025617, 144.9360672354294","{""coordinates"": [144.9360672354294, -37.82267609025617], ""type"": ""Point""}",1257292,Sign - Public Transport 1 Panel,P.16,23554,627016,0,1257292,345,596486,6.57193564
Signage,,Sign - Public Transport,Sign - Public Transport 1 Panel Bus Stop Type 8,"-37.78840737180099, 144.94100543358434","{""coordinates"": [144.94100543358434, -37.78840737180099], ""type"": ""Point""}",1243923,Sign - Public Transport 1 Panel,P.16,24568,0,22426,1243923,22,101994,34.55825279
Signage,,Sign - Public Transport,Sign - Public Transport 1 Panel Bus Stop Type 3,"-37.82158676896336, 144.9299851550984","{""coordinates"": [144.9299851550984, -37.82158676896336], ""type"": ""Point""}",1245224,Sign - Public Transport 1 Panel,P.16,25432,0,22158,1245224,200,110520,6.0340097
Signage,,Sign - Public Transport,Sign - Public Transport 1 Panel Bus Stop Type 1,"-37.81807935853138, 144.96572070652604","{""coordinates"": [144.96572070652604, -37.81807935853138], ""type"": ""Point""}",1560832,Sign - Public Transport 1 Panel,P.16,26488,0,20214,1560832,126,604383,28.00392951
Signage,,Sign - Public Transport,Sign - Public Transport 1 Panel Bus Stop Type 3,"-37.797718982545234, 144.97371355429843","{""coordinates"": [144.97371355429843, -37.797718982545234], ""type"": ""Point""}",1241410,Sign - Public Transport 1 Panel,P.16,26637,0,20597,1241410,262,103056,27.13230305
Signage,,Sign - Public Transport,Sign - Public Transport 1 Panel Bus Stop Type 8,"-37.817826903011145, 144.95914143862726","{""coordinates"": [144.95914143862726, -37.817826903011145], ""type"": ""Point""}",1245321,Sign - Public Transport 1 Panel,P.16,26870,0,20181,1245321,135,507646,37.0409387
Signage,,Sign - Public Transport,Sign - Public Transport 1 Panel Bus Stop Type 8,"-37.81441952750176, 144.9544447576371","{""coordinates"": [144.9544447576371, -37.81441952750176], ""type"": ""Point""}",1477822,Sign - Public Transport 1 Panel,P.16,26969,0,20014,1477822,259,105716,32.15648272
Signage,,Sign - Public Transport,Sign - Public Transport 1 Panel Bus Stop Type 8,"-37.81101801255496, 144.95912232576214","{""coordinates"": [144.95912232576214, -37.81101801255496], ""type"": ""Point""}",1237229,Sign - Public Transport 1 Panel,P.16,27098,0,20024,1237229,280,527567,21.70019438
Signage,,Sign - Public Transport,Sign - Public Transport 1 Panel Bus Stop Type 8,"-37.82824301520561, 144.97131044726999","{""coordinates"": [144.97131044726999, -37.82824301520561], ""type"": ""Point""}",1239035,Sign - Public Transport 1 Panel,P.16,28118,0,22704,1239035,0,0,0
Signage,,Sign - Public Transport,Sign - Public Transport 1 Panel Bus Stop Type 8,"-37.79958533655315, 144.9576673729389","{""coordinates"": [144.9576673729389, -37.79958533655315], ""type"": ""Point""}",1233941,Sign - Public Transport 1 Panel,P.16,28127,0,22514,1233941,290,633969,53.64351101
Signage,,Sign - Public Transport,Sign - Public Transport 1 Panel Bus Stop Type 8,"-37.81313468607944, 144.9517210522907","{""coordinates"": [144.9517210522907, -37.81313468607944], ""type"": ""Point""}",1252887,Sign - Public Transport 1 Panel,P.16,28440,0,20030,1252887,334,562944,13.98277844
Signage,,Sign - Public Transport,Sign - Public Transport 1 Panel Bus Stop Type 3,"-37.82692534062149, 144.90290267710523","{""coordinates"": [144.90290267710523, -37.82692534062149], ""type"": ""Point""}",1244907,Sign - Public Transport 1 Panel,P.16,29149,0,22168,1244907,226,580037,43.26397154
Signage,,Sign - Public Transport,Sign - Public Transport 1 Panel Bus Stop Type 3,"-37.797767642321304, 144.9741533290422","{""coordinates"": [144.9741533290422, -37.797767642321304], ""type"": ""Point""}",1547409,Sign - Public Transport 1 Panel,P.16,29611,0,20597,1547409,241,103052,29.23997683
Signage,,Sign - Public Transport,Sign - Public Transport 1 Panel Bus Stop Type 3,"-37.8026621513541, 144.96975397673893","{""coordinates"": [144.96975397673893, -37.8026621513541], ""type"": ""Point""}",1479412,Sign - Public Transport 1 Panel,P.16,30149,0,20558,1479412,120,528461,46.16875812
Signage,,Sign - Public Transport,Sign - Public Transport 1 Panel Bus Stop Type 1,"-37.799222676258466, 144.95073019282864","{""coordinates"": [144.95073019282864, -37.799222676258466], ""type"": ""Point""}",1576816,Sign - Public Transport 1 Panel,P.16,30396,0,22684,1576816,331,508949,53.80754171
Signage,,Sign - Public Transport,Sign - Public Transport 1 Panel Bus Stop Type 8,"-37.789581766621325, 144.9688057046247","{""coordinates"": [144.9688057046247, -37.789581766621325], ""type"": ""Point""}",1252544,Sign - Public Transport 1 Panel,P.16,31096,0,22508,1252544,0,0,0
Signage,,Sign - Public Transport,Sign - Public Transport 1 Panel Bus Stop Type 13,"-37.83180250187986, 144.9717147014062","{""coordinates"": [144.9717147014062, -37.83180250187986], ""type"": ""Point""}",1249156,Sign - Public Transport 1 Panel,P.16,31499,0,22467,1249156,0,0,0
Signage,,Sign - Public Transport,Sign - Public Transport 1 Panel Bus Stop Type 3,"-37.82311374998954, 144.9370368413254","{""coordinates"": [144.9370368413254, -37.82311374998954], ""type"": ""Point""}",1261560,Sign - Public Transport 1 Panel,P.16,32010,0,22131,1261560,88,637409,30.2906768
Signage,,Sign - Public Transport,Sign - Public Transport 1 Panel Bus Stop Type 8,"-37.82357696553344, 144.97021045708078","{""coordinates"": [144.97021045708078, -37.82357696553344], ""type"": ""Point""}",1239395,Sign - Public Transport 1 Panel,P.16,32385,0,22466,1239395,175,566451,35.24283401
Signage,,Sign - Public Transport,Sign - Public Transport 1 Panel Bus Stop Type 12,"-37.79828271711812, 144.9206180551749","{""coordinates"": [144.9206180551749, -37.79828271711812], ""type"": ""Point""}",1235578,Sign - Public Transport 1 Panel,P.16,33087,0,21845,1235578,130,559172,17.94134959
Signage,,Sign - Public Transport,Sign - Public Transport 1 Panel Bus Stop Type 8,"-37.80581892901135, 144.95574943791024","{""coordinates"": [144.95574943791024, -37.80581892901135], ""type"": ""Point""}",1257172,Sign - Public Transport 1 Panel,P.16,33808,0,20953,1257172,118,109829,13.61319889
Signage,,Sign - Public Transport,Sign - Public Transport 1 Panel Bus Stop Type 8,"-37.795242474806884, 144.94679942011058","{""coordinates"": [144.94679942011058, -37.795242474806884], ""type"": ""Point""}",1249773,Sign - Public Transport 1 Panel,P.16,34067,0,21232,1249773,225,100076,18.06322576
Signage,,Sign - Public Transport,Sign - Public Transport 1 Panel Bus Stop Type 8,"-37.77697303920087, 144.94970928774234","{""coordinates"": [144.94970928774234, -37.77697303920087], ""type"": ""Point""}",1244488,Sign - Public Transport 1 Panel,P.16,35126,0,30708,1244488,163,639767,36.15520837
Signage,,Sign - Public Transport,Sign - Public Transport 1 Panel Bus Stop Type 12,"-37.79836645634628, 144.94459154393613","{""coordinates"": [144.94459154393613, -37.79836645634628], ""type"": ""Point""}",1249845,Sign - Public Transport 1 Panel,P.16,35336,0,21166,1249845,348,104584,33.08519101
Signage,,Sign - Public Transport,Sign - Public Transport 1 Panel Bus Stop Type 8,"-37.83884804951157, 144.97654745650496","{""coordinates"": [144.97654745650496, -37.83884804951157], ""type"": ""Point""}",1255102,Sign - Public Transport 1 Panel,P.16,35673,0,22472,1255102,311,545595,63.68983374
Signage,,Sign - Public Transport,Sign - Public Transport 1 Panel Bus Stop Type 1,"-37.79575422957359, 144.95827417192294","{""coordinates"": [144.95827417192294, -37.79575422957359], ""type"": ""Point""}",1579927,Sign - Public Transport 1 Panel,P.16,35677,0,22603,1579927,158,108456,53.11278613
Signage,,Sign - Public Transport,Sign - Public Transport 1 Panel Bus Stop Type 8,"-37.812490976626215, 144.95370614040704","{""coordinates"": [144.95370614040704, -37.812490976626215], ""type"": ""Point""}",1252885,Sign - Public Transport 1 Panel,P.16,36376,0,20030,1252885,99,602160,16.14376437
Signage,,Sign - Public Transport,Sign - Public Transport 1 Panel Bus Stop Type 8,"-37.81389991110184, 144.95734143620206","{""coordinates"": [144.95734143620206, -37.81389991110184], ""type"": ""Point""}",1231223,Sign - Public Transport 1 Panel,P.16,36659,0,20185,1231223,251,110101,16.88512037
Signage,,Sign - Public Transport,Sign - Public Transport 1 Panel Bus Stop Type 8,"-37.81689800649741, 144.9618384108209","{""coordinates"": [144.9618384108209, -37.81689800649741], ""type"": ""Point""}",1236979,Sign - Public Transport 1 Panel,P.16,36738,0,20114,1236979,72,579386,24.66895752
Signage,,Sign - Public Transport,Sign - Public Transport 1 Panel Bus Stop Type 8,"-37.800676522454324, 144.94582553723103","{""coordinates"": [144.94582553723103, -37.800676522454324], ""type"": ""Point""}",1251360,Sign - Public Transport 1 Panel,P.16,36745,0,22681,1251360,320,100115,23.36010884
Signage,,Sign - Public Transport,Sign - Public Transport 1 Panel Bus Stop Type 11,"-37.809284824359445, 144.9519620478619","{""coordinates"": [144.9519620478619, -37.809284824359445], ""type"": ""Point""}",1253512,Sign - Public Transport 1 Panel,P.16,36984,0,21413,1253512,69,546268,7.60575447
Signage,,Sign - Public Transport,Sign - Public Transport 1 Panel Bus Stop Type 8,"-37.81157690963881, 144.9563833753157","{""coordinates"": [144.9563833753157, -37.81157690963881], ""type"": ""Point""}",1252698,Sign - Public Transport 1 Panel,P.16,37251,0,21519,1252698,70,644826,16.46017017
Signage,,Sign - Public Transport,Sign - Public Transport 1 Panel Bus Stop Type 12,"-37.79520927466022, 144.92595354542772","{""coordinates"": [144.92595354542772, -37.79520927466022], ""type"": ""Point""}",1370844,Sign - Public Transport 1 Panel,P.16,37666,0,21749,1370844,141,105248,18.31076645
Signage,,Sign - Public Transport,Sign - Public Transport 1 Panel Bus Stop Type 8,"-37.801527048931604, 144.9567967131992","{""coordinates"": [144.9567967131992, -37.801527048931604], ""type"": ""Point""}",1248528,Sign - Public Transport 1 Panel,P.16,37802,0,20594,1248528,173,107520,24.91047603
Signage,,Sign - Public Transport,Sign - Public Transport 1 Panel Bus Stop Type 3,"-37.79731310405415, 144.967955914192","{""coordinates"": [144.967955914192, -37.79731310405415], ""type"": ""Point""}",1240839,Sign - Public Transport 1 Panel,P.16,37956,0,20689,1240839,336,103108,10.9808405
Signage,,Sign - Public Transport,Sign - Public Transport 1 Panel Bus Stop Type 8,"-37.80365281271108, 144.9564163595527","{""coordinates"": [144.9564163595527, -37.80365281271108], ""type"": ""Point""}",1248457,Sign - Public Transport 1 Panel,P.16,38386,0,20942,1248457,21,589314,18.16455397
Signage,,Sign - Public Transport,Sign - Public Transport 1 Panel Bus Stop Type 8,"-37.84529099706835, 144.9822703144505","{""coordinates"": [144.9822703144505, -37.84529099706835], ""type"": ""Point""}",1254921,Sign - Public Transport 1 Panel,P.16,39976,0,22308,1254921,0,0,0
Signage,,Sign - Public Transport,Sign - Public Transport 1 Panel Bus Stop Type 1,"-37.8010481279157, 144.9534576515341","{""coordinates"": [144.9534576515341, -37.8010481279157], ""type"": ""Point""}",1576502,Sign - Public Transport 1 Panel,P.16,40039,0,21124,1576502,38,110262,24.9969919
Signage,,Sign - Public Transport,Sign - Public Transport 1 Panel Bus Stop Type 3,"-37.82183999762308, 144.91339835942287","{""coordinates"": [144.91339835942287, -37.82183999762308], ""type"": ""Point""}",1244875,Sign - Public Transport 1 Panel,P.16,40048,0,22162,1244875,199,110506,98.32660753
Signage,,Sign - Public Transport,Sign - Public Transport 1 Panel Bus Stop Type 3,"-37.79790612032, 144.9705713015547","{""coordinates"": [144.9705713015547, -37.79790612032], ""type"": ""Point""}",1479426,Sign - Public Transport 1 Panel,P.16,40180,0,20563,1479426,335,106271,26.30246726
Signage,,Sign - Public Transport,Sign - Public Transport 1 Panel Bus Stop Type 12,"-37.79820340709036, 144.92045435450206","{""coordinates"": [144.92045435450206, -37.79820340709036], ""type"": ""Point""}",1370992,Sign - Public Transport 1 Panel,P.16,40964,0,21845,1370992,133,569239,2.34400704
Signage,,Sign - Public Transport,Sign - Public Transport 1 Panel Bus Stop Type 8,"-37.787760777855524, 144.9253892133351","{""coordinates"": [144.9253892133351, -37.787760777855524], ""type"": ""Point""}",1491448,Sign - Public Transport 1 Panel,P.16,41353,0,23146,1491448,342,618547,52.27276699
Signage,,Sign - Public Transport,Sign - Public Transport 1 Panel Bus Stop Type 8,"-37.82565495609574, 144.96017643000502","{""coordinates"": [144.96017643000502, -37.82565495609574], ""type"": ""Point""}",1239918,Sign - Public Transport 1 Panel,P.16,42750,0,22042,1239918,72,108053,33.5189726
Signage,,Sign - Public Transport,Sign - Public Transport 1 Panel Bus Stop Type 3,"-37.804610872159635, 144.9691537208721","{""coordinates"": [144.9691537208721, -37.804610872159635], ""type"": ""Point""}",1479404,Sign - Public Transport 1 Panel,P.16,42881,0,20556,1479404,143,108156,4.34256802
Signage,,Sign - Public Transport,Sign - Public Transport 1 Panel Bus Stop Type 11,"-37.82359653225718, 144.96952122205516","{""coordinates"": [144.96952122205516, -37.82359653225718], ""type"": ""Point""}",1239499,Sign - Public Transport 1 Panel,P.16,43889,0,22080,1239499,14,566451,26.33672928
Signage,,Sign - Public Transport,Sign - Public Transport 1 Panel Bus Stop Type 1,"-37.803251103562474, 144.92985291146388","{""coordinates"": [144.92985291146388, -37.803251103562474], ""type"": ""Point""}",1579414,Sign - Public Transport 1 Panel,P.16,43908,0,21675,1579414,100,103003,24.64426045
Signage,,Sign - Public Transport,Sign - Public Transport 1 Panel Bus Stop Type 12,"-37.79624528473142, 144.9241544090541","{""coordinates"": [144.9241544090541, -37.79624528473142], ""type"": ""Point""}",1235586,Sign - Public Transport 1 Panel,P.16,43934,0,21844,1235586,176,561739,32.73621458
Signage,,Sign - Public Transport,Sign - Public Transport 1 Panel Bus Stop Type 1,"-37.79987669561117, 144.9500539642789","{""coordinates"": [144.9500539642789, -37.79987669561117], ""type"": ""Point""}",1576818,Sign - Public Transport 1 Panel,P.16,44096,0,21176,1576818,226,103446,5.4150398
Signage,,Sign - Public Transport,Sign - Public Transport 1 Panel Bus Stop Type 8,"-37.822043457134946, 144.9612717467519","{""coordinates"": [144.9612717467519, -37.822043457134946], ""type"": ""Point""}",1233069,Sign - Public Transport 1 Panel,P.16,44103,0,22184,1233069,48,108040,21.87089283
Signage,,Sign - Public Transport,Sign - Public Transport 1 Panel Bus Stop Type 3,"-37.84636998833038, 144.98481744885754","{""coordinates"": [144.98481744885754, -37.84636998833038], ""type"": ""Point""}",1255248,Sign - Public Transport 1 Panel,P.16,44170,0,22481,1255248,90,645774,63.9730963
Signage,,Sign - Public Transport,Sign - Public Transport 1 Panel Bus Stop Type 8,"-37.810346877102674, 144.96112338314163","{""coordinates"": [144.96112338314163, -37.810346877102674], ""type"": ""Point""}",1238870,Sign - Public Transport 1 Panel,P.16,44287,0,20024,1238870,161,660997,16.41454879
Signage,,Sign - Public Transport,Sign - Public Transport 1 Panel Bus Stop Type 8,"-37.79755334862349, 144.97488727650415","{""coordinates"": [144.97488727650415, -37.79755334862349], ""type"": ""Point""}",1247562,Sign - Public Transport 1 Panel,P.16,44401,0,20880,1247562,225,511049,75.22761474
